/*
Navicat MySQL Data Transfer

Source Server         : partybuild
Source Server Version : 50720
Source Host           : 120.195.219.223:18000
Source Database       : bx

Target Server Type    : MYSQL
Target Server Version : 50720
File Encoding         : 65001

Date: 2018-04-12 20:22:02
*/

SET FOREIGN_KEY_CHECKS=0;

-- ----------------------------
-- Table structure for auth_operation
-- ----------------------------
DROP TABLE IF EXISTS `auth_operation`;
CREATE TABLE `auth_operation` (
  `opid` int(11) NOT NULL AUTO_INCREMENT COMMENT '主键',
  `opcode` varchar(20) NOT NULL COMMENT '权限值',
  `opname` varchar(50) NOT NULL COMMENT '权限名称',
  `ophref` varchar(200) DEFAULT NULL COMMENT '权限操作链接',
  `opseq` int(11) NOT NULL DEFAULT '1' COMMENT '显示顺序',
  PRIMARY KEY (`opid`),
  KEY `op_code_index` (`opcode`) USING BTREE,
  KEY `op_name_index` (`opname`) USING BTREE
) ENGINE=InnoDB AUTO_INCREMENT=381 DEFAULT CHARSET=utf8 COMMENT='权限信息表';

-- ----------------------------
-- Records of auth_operation
-- ----------------------------
INSERT INTO `auth_operation` VALUES ('327', '01', '权限管理', '/admin/auth', '1');
INSERT INTO `auth_operation` VALUES ('328', '02', '保险管理', '/bx/cp', '1');
INSERT INTO `auth_operation` VALUES ('329', '03', '日志管理', '/admin/log', '1');
INSERT INTO `auth_operation` VALUES ('330', '0101', '查询用户列表', '/admin/user/queryPage', '1');
INSERT INTO `auth_operation` VALUES ('331', '010102', '更新用户页面', '/admin/user/updatePage/{id}', '1');
INSERT INTO `auth_operation` VALUES ('332', '010206', '角色已绑定权限', '/admin/role/hasOpers/{roleid}', '1');
INSERT INTO `auth_operation` VALUES ('333', '010102', '修改用户', '/admin/user/update', '1');
INSERT INTO `auth_operation` VALUES ('334', '0103', '查询权限列表', '/admin/oper/queryPage', '1');
INSERT INTO `auth_operation` VALUES ('335', '010104', '删除用户', '/admin/user/deleteByID/{id}', '1');
INSERT INTO `auth_operation` VALUES ('336', '0101', '用户管理界面', '/admin/user/mainPage', '1');
INSERT INTO `auth_operation` VALUES ('337', '0201', '查询保险公司列表', '/bx/cp/queryPage', '1');
INSERT INTO `auth_operation` VALUES ('338', '010205', '角色权限管理页面', '/admin/role/bindOperPage/{roleid}', '1');
INSERT INTO `auth_operation` VALUES ('339', '0301', '日志管理界面', '/admin/log/mainPage', '1');
INSERT INTO `auth_operation` VALUES ('340', '010101', '添加用户', '/admin/user/add', '1');
INSERT INTO `auth_operation` VALUES ('341', '010104', '修改个人密码', '/admin/user/updatePasswd', '1');
INSERT INTO `auth_operation` VALUES ('342', '020201', '添加保险产品分类', '/bx/class/addPage', '1');
INSERT INTO `auth_operation` VALUES ('343', '0103', '权限管理界面', '/admin/oper/mainPage', '1');
INSERT INTO `auth_operation` VALUES ('344', '0201', '保险公司界面', '/bx/cp/mainPage', '1');
INSERT INTO `auth_operation` VALUES ('345', '010201', '添加角色页面', '/admin/role/addPage', '1');
INSERT INTO `auth_operation` VALUES ('346', '0102', '角色管理界面', '/admin/role/mainPage', '1');
INSERT INTO `auth_operation` VALUES ('347', '020201', '添加保险产品分类', '/bx/class/add', '1');
INSERT INTO `auth_operation` VALUES ('348', '0301', '查询日志列表', '/admin/log/queryPage', '1');
INSERT INTO `auth_operation` VALUES ('349', '010204', '角色绑定用户', '/admin/role/bindUser', '1');
INSERT INTO `auth_operation` VALUES ('350', '010103', '重置用户密码页面', '/admin/user/updatePwdPage', '1');
INSERT INTO `auth_operation` VALUES ('351', '020102', '修改保险公司', '/bx/cp/update', '1');
INSERT INTO `auth_operation` VALUES ('352', '010203', '删除角色', '/admin/role/deleteByID/{id}', '1');
INSERT INTO `auth_operation` VALUES ('353', '010205', '绑定角色权限', '/admin/role/bindOpers', '1');
INSERT INTO `auth_operation` VALUES ('354', '020101', '添加保险公司', '/bx/cp/addPage', '1');
INSERT INTO `auth_operation` VALUES ('355', '010203', '删除保险公司', '/bx/cp/deleteByID/{id}', '1');
INSERT INTO `auth_operation` VALUES ('356', '010202', '更新角色页面', '/admin/role/updatePage/{id}', '1');
INSERT INTO `auth_operation` VALUES ('357', '010101', '添加用户页面', '/admin/user/addPage', '1');
INSERT INTO `auth_operation` VALUES ('358', '010202', '修改角色', '/admin/role/update', '1');
INSERT INTO `auth_operation` VALUES ('359', '010201', '添加角色', '/admin/role/add', '1');
INSERT INTO `auth_operation` VALUES ('360', '010206', '解除角色权限', '/admin/role/unbindOpers', '1');
INSERT INTO `auth_operation` VALUES ('361', '020102', '修改保险公司页面', '/bx/cp/updatePage/{id}', '1');
INSERT INTO `auth_operation` VALUES ('362', '010206', '角色未绑定权限', '/admin/role/noOpers/{roleid}', '1');
INSERT INTO `auth_operation` VALUES ('363', '0001', '系统主界面', '/admin/main', '1');
INSERT INTO `auth_operation` VALUES ('364', '0202', '保险产品分类界面', '/bx/class/mainPage', '1');
INSERT INTO `auth_operation` VALUES ('365', '010104', '修改个人密码页面', '/admin/user/updatePasswdPage', '1');
INSERT INTO `auth_operation` VALUES ('366', '0102', '查询角色列表', '/admin/role/queryPage', '1');
INSERT INTO `auth_operation` VALUES ('367', '010103', '重置用户密码', '/admin/user/updatePwd', '1');
INSERT INTO `auth_operation` VALUES ('368', '020203', '删除保险产品分类', '/bx/class/deleteByID/{id}', '1');
INSERT INTO `auth_operation` VALUES ('369', '020101', '添加保险公司', '/bx/cp/add', '1');
INSERT INTO `auth_operation` VALUES ('370', '020202', '修改保险产品分类页面', '/bx/class/updatePage/{id}', '1');
INSERT INTO `auth_operation` VALUES ('371', '010204', '角色用户管理页面', '/admin/role/bindUserPage/{roleid}', '1');
INSERT INTO `auth_operation` VALUES ('372', '020202', '修改保险产品分类', '/bx/class/update', '1');
INSERT INTO `auth_operation` VALUES ('373', '0202', '查询保险产品分类列表', '/bx/class/queryPage', '1');
INSERT INTO `auth_operation` VALUES ('374', '0401', '查询保险产品列表', '/bx/pd/queryPage', '1');
INSERT INTO `auth_operation` VALUES ('375', '040102', '修改保险产品', '/bx/pd/update', '1');
INSERT INTO `auth_operation` VALUES ('376', '040101', '修改保险产品页面', '/bx/pd/updatePage/{id}', '1');
INSERT INTO `auth_operation` VALUES ('377', '040102', '添加保险产品', '/bx/pd/add', '1');
INSERT INTO `auth_operation` VALUES ('378', '0401', '保险产品管理界面', '/bx/pd/mainPage', '1');
INSERT INTO `auth_operation` VALUES ('379', '0407', '删除保险产品', '/bx/pd/deleteByID/{id}', '1');
INSERT INTO `auth_operation` VALUES ('380', '040101', '添加保险产品界面', '/bx/pd/addPage', '1');

-- ----------------------------
-- Table structure for auth_role
-- ----------------------------
DROP TABLE IF EXISTS `auth_role`;
CREATE TABLE `auth_role` (
  `roleid` int(11) NOT NULL AUTO_INCREMENT COMMENT '主键',
  `rolename` varchar(20) NOT NULL COMMENT '角色名称',
  `cname` varchar(50) NOT NULL COMMENT '中文名',
  `enabled` varchar(2) DEFAULT NULL COMMENT '是否有效：0无效；1有效',
  PRIMARY KEY (`roleid`)
) ENGINE=InnoDB AUTO_INCREMENT=28 DEFAULT CHARSET=utf8 COMMENT='角色信息表';

-- ----------------------------
-- Records of auth_role
-- ----------------------------
INSERT INTO `auth_role` VALUES ('5', 'admin1', '测试管理员', '1');
INSERT INTO `auth_role` VALUES ('23', 'admin', '超级管理员', '1');
INSERT INTO `auth_role` VALUES ('25', 'anonymous', '匿名用户组', '1');
INSERT INTO `auth_role` VALUES ('26', '测试', '测试', '1');

-- ----------------------------
-- Table structure for auth_role_operation
-- ----------------------------
DROP TABLE IF EXISTS `auth_role_operation`;
CREATE TABLE `auth_role_operation` (
  `roleid` int(11) NOT NULL COMMENT '角色ID',
  `opid` int(11) NOT NULL COMMENT '权限ID'
) ENGINE=InnoDB DEFAULT CHARSET=utf8 COMMENT='角色权限关系表';

-- ----------------------------
-- Records of auth_role_operation
-- ----------------------------
INSERT INTO `auth_role_operation` VALUES ('23', '100');
INSERT INTO `auth_role_operation` VALUES ('23', '101');
INSERT INTO `auth_role_operation` VALUES ('23', '102');
INSERT INTO `auth_role_operation` VALUES ('23', '103');
INSERT INTO `auth_role_operation` VALUES ('23', '104');
INSERT INTO `auth_role_operation` VALUES ('23', '105');
INSERT INTO `auth_role_operation` VALUES ('23', '106');
INSERT INTO `auth_role_operation` VALUES ('23', '107');
INSERT INTO `auth_role_operation` VALUES ('23', '108');
INSERT INTO `auth_role_operation` VALUES ('23', '109');
INSERT INTO `auth_role_operation` VALUES ('23', '110');
INSERT INTO `auth_role_operation` VALUES ('23', '111');
INSERT INTO `auth_role_operation` VALUES ('23', '112');
INSERT INTO `auth_role_operation` VALUES ('23', '113');
INSERT INTO `auth_role_operation` VALUES ('23', '114');
INSERT INTO `auth_role_operation` VALUES ('23', '115');
INSERT INTO `auth_role_operation` VALUES ('23', '116');
INSERT INTO `auth_role_operation` VALUES ('23', '117');
INSERT INTO `auth_role_operation` VALUES ('23', '118');
INSERT INTO `auth_role_operation` VALUES ('23', '119');
INSERT INTO `auth_role_operation` VALUES ('23', '120');
INSERT INTO `auth_role_operation` VALUES ('23', '121');
INSERT INTO `auth_role_operation` VALUES ('23', '122');
INSERT INTO `auth_role_operation` VALUES ('23', '123');
INSERT INTO `auth_role_operation` VALUES ('23', '124');
INSERT INTO `auth_role_operation` VALUES ('23', '125');
INSERT INTO `auth_role_operation` VALUES ('23', '126');
INSERT INTO `auth_role_operation` VALUES ('23', '127');
INSERT INTO `auth_role_operation` VALUES ('23', '128');
INSERT INTO `auth_role_operation` VALUES ('23', '200');
INSERT INTO `auth_role_operation` VALUES ('23', '201');
INSERT INTO `auth_role_operation` VALUES ('23', '202');
INSERT INTO `auth_role_operation` VALUES ('23', '203');
INSERT INTO `auth_role_operation` VALUES ('23', '204');
INSERT INTO `auth_role_operation` VALUES ('23', '205');
INSERT INTO `auth_role_operation` VALUES ('23', '206');
INSERT INTO `auth_role_operation` VALUES ('23', '300');
INSERT INTO `auth_role_operation` VALUES ('23', '301');
INSERT INTO `auth_role_operation` VALUES ('23', '302');
INSERT INTO `auth_role_operation` VALUES ('23', '319');
INSERT INTO `auth_role_operation` VALUES ('23', '320');
INSERT INTO `auth_role_operation` VALUES ('23', '321');
INSERT INTO `auth_role_operation` VALUES ('23', '322');
INSERT INTO `auth_role_operation` VALUES ('23', '323');
INSERT INTO `auth_role_operation` VALUES ('23', '324');
INSERT INTO `auth_role_operation` VALUES ('23', '325');
INSERT INTO `auth_role_operation` VALUES ('23', '326');
INSERT INTO `auth_role_operation` VALUES ('23', '327');
INSERT INTO `auth_role_operation` VALUES ('23', '328');
INSERT INTO `auth_role_operation` VALUES ('23', '329');
INSERT INTO `auth_role_operation` VALUES ('23', '363');
INSERT INTO `auth_role_operation` VALUES ('23', '330');
INSERT INTO `auth_role_operation` VALUES ('23', '336');
INSERT INTO `auth_role_operation` VALUES ('23', '340');
INSERT INTO `auth_role_operation` VALUES ('23', '357');
INSERT INTO `auth_role_operation` VALUES ('23', '331');
INSERT INTO `auth_role_operation` VALUES ('23', '333');
INSERT INTO `auth_role_operation` VALUES ('23', '350');
INSERT INTO `auth_role_operation` VALUES ('23', '367');
INSERT INTO `auth_role_operation` VALUES ('23', '335');
INSERT INTO `auth_role_operation` VALUES ('23', '341');
INSERT INTO `auth_role_operation` VALUES ('23', '365');
INSERT INTO `auth_role_operation` VALUES ('23', '346');
INSERT INTO `auth_role_operation` VALUES ('23', '366');
INSERT INTO `auth_role_operation` VALUES ('23', '345');
INSERT INTO `auth_role_operation` VALUES ('23', '359');
INSERT INTO `auth_role_operation` VALUES ('23', '356');
INSERT INTO `auth_role_operation` VALUES ('23', '358');
INSERT INTO `auth_role_operation` VALUES ('23', '352');
INSERT INTO `auth_role_operation` VALUES ('23', '355');
INSERT INTO `auth_role_operation` VALUES ('23', '349');
INSERT INTO `auth_role_operation` VALUES ('23', '371');
INSERT INTO `auth_role_operation` VALUES ('23', '338');
INSERT INTO `auth_role_operation` VALUES ('23', '353');
INSERT INTO `auth_role_operation` VALUES ('23', '332');
INSERT INTO `auth_role_operation` VALUES ('23', '360');
INSERT INTO `auth_role_operation` VALUES ('23', '362');
INSERT INTO `auth_role_operation` VALUES ('23', '334');
INSERT INTO `auth_role_operation` VALUES ('23', '343');
INSERT INTO `auth_role_operation` VALUES ('23', '337');
INSERT INTO `auth_role_operation` VALUES ('23', '344');
INSERT INTO `auth_role_operation` VALUES ('23', '354');
INSERT INTO `auth_role_operation` VALUES ('23', '369');
INSERT INTO `auth_role_operation` VALUES ('23', '351');
INSERT INTO `auth_role_operation` VALUES ('23', '361');
INSERT INTO `auth_role_operation` VALUES ('23', '364');
INSERT INTO `auth_role_operation` VALUES ('23', '373');
INSERT INTO `auth_role_operation` VALUES ('23', '342');
INSERT INTO `auth_role_operation` VALUES ('23', '347');
INSERT INTO `auth_role_operation` VALUES ('23', '370');
INSERT INTO `auth_role_operation` VALUES ('23', '372');
INSERT INTO `auth_role_operation` VALUES ('23', '368');
INSERT INTO `auth_role_operation` VALUES ('23', '339');
INSERT INTO `auth_role_operation` VALUES ('23', '348');
INSERT INTO `auth_role_operation` VALUES ('23', '374');
INSERT INTO `auth_role_operation` VALUES ('23', '378');
INSERT INTO `auth_role_operation` VALUES ('23', '376');
INSERT INTO `auth_role_operation` VALUES ('23', '380');
INSERT INTO `auth_role_operation` VALUES ('23', '375');
INSERT INTO `auth_role_operation` VALUES ('23', '377');
INSERT INTO `auth_role_operation` VALUES ('23', '379');

-- ----------------------------
-- Table structure for auth_user
-- ----------------------------
DROP TABLE IF EXISTS `auth_user`;
CREATE TABLE `auth_user` (
  `id` int(3) unsigned NOT NULL AUTO_INCREMENT,
  `username` char(20) NOT NULL,
  `password` char(32) NOT NULL,
  `mobilephone` varchar(20) DEFAULT NULL COMMENT '手机号码',
  `idcard` varchar(18) DEFAULT NULL COMMENT '身份证号码',
  `address` varchar(255) DEFAULT NULL COMMENT '地址',
  `email` varchar(100) DEFAULT NULL,
  `useable` tinyint(4) NOT NULL DEFAULT '1' COMMENT '是否可用(0禁用,1可用)',
  `roleid` int(11) NOT NULL COMMENT '所属角色',
  `addtime` datetime NOT NULL COMMENT '创建时间',
  `logintime` datetime DEFAULT NULL COMMENT '登陆时间',
  `loginip` varchar(15) DEFAULT NULL COMMENT '登陆IP',
  `enabled` varchar(2) DEFAULT '1' COMMENT '是否有效：0无效；1有效',
  PRIMARY KEY (`id`),
  KEY `username` (`username`) USING BTREE,
  KEY `fk_user_role` (`roleid`),
  CONSTRAINT `fk_user_role` FOREIGN KEY (`roleid`) REFERENCES `auth_role` (`roleid`) ON UPDATE CASCADE
) ENGINE=InnoDB AUTO_INCREMENT=41 DEFAULT CHARSET=utf8;

-- ----------------------------
-- Records of auth_user
-- ----------------------------
INSERT INTO `auth_user` VALUES ('15', 'ok77', 'e10adc3949ba59abbe56e057f20f883e', null, null, null, 'meinv777@qq.com', '1', '25', '2016-07-02 21:53:59', '2017-01-03 08:10:47', '162.247.96.40', '1');
INSERT INTO `auth_user` VALUES ('16', 'caizehua', 'e10adc3949ba59abbe56e057f20f883e', null, null, null, null, '1', '5', '2016-09-29 17:21:05', '2017-04-25 19:11:40', '192.168.0.200', '1');
INSERT INTO `auth_user` VALUES ('17', 'ok666', 'e10adc3949ba59abbe56e057f20f883e', null, null, null, '', '1', '25', '2017-01-04 11:38:20', '2017-01-13 20:00:13', '113.87.160.102', '1');
INSERT INTO `auth_user` VALUES ('18', 'admin', 'e10adc3949ba59abbe56e057f20f883e', null, null, null, null, '1', '23', '2017-04-21 14:45:05', '2018-04-12 18:53:37', '36.57.33.250', '1');
INSERT INTO `auth_user` VALUES ('19', 'test', 'e10adc3949ba59abbe56e057f20f883e', null, null, null, '', '1', '5', '2017-05-04 11:14:31', null, null, '1');
INSERT INTO `auth_user` VALUES ('20', 'userJ4o51', 'e10adc3949ba59abbe56e057f20f883e', null, null, null, 'J4o51@test.com', '1', '5', '2017-05-04 15:22:46', null, null, '1');
INSERT INTO `auth_user` VALUES ('21', 'user3vSi8', 'e10adc3949ba59abbe56e057f20f883e', null, null, null, '3vSi8@test.com', '1', '5', '2017-05-04 15:23:34', null, null, '1');
INSERT INTO `auth_user` VALUES ('22', 'user9wJjI', 'e10adc3949ba59abbe56e057f20f883e', null, null, null, '9wJjI@test.com', '1', '5', '2017-05-04 15:33:19', null, null, '1');
INSERT INTO `auth_user` VALUES ('23', 'user2NLJB', 'e10adc3949ba59abbe56e057f20f883e', null, null, null, '2NLJB@test.com', '1', '5', '2017-05-04 17:00:12', null, null, '1');
INSERT INTO `auth_user` VALUES ('24', 'userjy208', 'e10adc3949ba59abbe56e057f20f883e', null, null, null, 'jy208@test.com', '1', '5', '2017-05-04 17:12:41', null, null, '0');
INSERT INTO `auth_user` VALUES ('25', 'userfKEIy', 'e10adc3949ba59abbe56e057f20f883e', null, null, null, 'fKEIy@test.com', '1', '5', '2017-05-04 17:36:30', null, null, '0');
INSERT INTO `auth_user` VALUES ('26', 'user59u9o', 'e10adc3949ba59abbe56e057f20f883e', null, null, null, '59u9o@test.com', '1', '5', '2017-05-04 17:42:22', null, null, '1');
INSERT INTO `auth_user` VALUES ('27', 'userB0VQP', 'e10adc3949ba59abbe56e057f20f883e', null, null, null, 'B0VQP@test.com', '1', '5', '2017-05-04 17:46:23', null, null, '1');
INSERT INTO `auth_user` VALUES ('28', 'usertP745', 'e10adc3949ba59abbe56e057f20f883e', null, null, null, 'tP745@test.com', '1', '5', '2017-05-04 17:56:57', null, null, '1');
INSERT INTO `auth_user` VALUES ('29', 'userNO3Dz', 'e10adc3949ba59abbe56e057f20f883e', null, null, null, 'NO3Dz@test.com', '1', '5', '2017-05-04 18:01:24', null, null, '1');
INSERT INTO `auth_user` VALUES ('30', 'userebT60', 'e10adc3949ba59abbe56e057f20f883e', null, null, null, 'ebT60@test.com', '1', '5', '2017-05-05 10:28:41', null, null, '1');
INSERT INTO `auth_user` VALUES ('31', 'userufXrw', 'e10adc3949ba59abbe56e057f20f883e', null, null, null, 'ufXrw@test.com', '1', '5', '2017-05-05 11:40:43', null, null, '1');
INSERT INTO `auth_user` VALUES ('32', 'usernK2R8', 'e10adc3949ba59abbe56e057f20f883e', null, null, null, 'nK2R8@test.com', '1', '5', '2017-05-05 14:12:59', null, null, '1');
INSERT INTO `auth_user` VALUES ('33', 'userb035J', 'e10adc3949ba59abbe56e057f20f883e', null, null, null, 'b035J@test.com', '1', '5', '2017-05-05 14:44:07', null, null, '1');
INSERT INTO `auth_user` VALUES ('35', 'root', 'e10adc3949ba59abbe56e057f20f883e', '18918150616', '123123', '312321', 'jucks1126@163.com', '1', '25', '2018-04-05 17:28:01', null, null, '1');
INSERT INTO `auth_user` VALUES ('37', 'gilbert', 'e10adc3949ba59abbe56e057f20f883e', '189', '', '', '', '1', '25', '2018-04-05 17:53:43', null, null, '1');
INSERT INTO `auth_user` VALUES ('39', 'feng', 'e10adc3949ba59abbe56e057f20f883e', '', '', '', '', '1', '26', '2018-04-05 17:59:51', '2018-04-05 20:34:44', '192.168.1.6', '1');
INSERT INTO `auth_user` VALUES ('40', 'myadmin', '15eed4d30e4e0fa9dd36f96237b1024c', '', '', '', '', '1', '23', '2018-04-11 14:15:31', null, null, '1');

-- ----------------------------
-- Table structure for bxclassify
-- ----------------------------
DROP TABLE IF EXISTS `bxclassify`;
CREATE TABLE `bxclassify` (
  `id` int(11) NOT NULL AUTO_INCREMENT COMMENT '主键ID',
  `name` varchar(200) DEFAULT NULL COMMENT '分类名称',
  `orderIndex` int(20) DEFAULT NULL COMMENT '显示顺序',
  `enabled` varchar(2) DEFAULT NULL COMMENT '是否有效：0无效；1有效',
  `createtime` datetime DEFAULT NULL COMMENT '添加时间',
  `createuser` varchar(50) DEFAULT NULL COMMENT '添加人',
  `updatetime` datetime DEFAULT NULL COMMENT '修改时间',
  `updateuser` varchar(50) DEFAULT NULL COMMENT '修改人',
  `remark` varchar(100) DEFAULT NULL COMMENT '备注',
  PRIMARY KEY (`id`)
) ENGINE=InnoDB AUTO_INCREMENT=7 DEFAULT CHARSET=utf8 COMMENT='保险产品分类表';

-- ----------------------------
-- Records of bxclassify
-- ----------------------------
INSERT INTO `bxclassify` VALUES ('1', '财产', '1', '1', '2018-04-06 21:06:35', '1', '2018-04-10 01:53:14', '18', null);
INSERT INTO `bxclassify` VALUES ('2', '意外', '2', '1', '2018-04-06 21:28:42', '18', null, null, null);
INSERT INTO `bxclassify` VALUES ('3', '健康', '3', '1', '2018-04-06 21:28:51', '18', null, null, null);

-- ----------------------------
-- Table structure for bxcompany
-- ----------------------------
DROP TABLE IF EXISTS `bxcompany`;
CREATE TABLE `bxcompany` (
  `id` int(11) NOT NULL AUTO_INCREMENT COMMENT '主键ID',
  `companyName` varchar(200) DEFAULT NULL COMMENT '公司名称',
  `phone` varchar(20) DEFAULT NULL COMMENT '服务电话',
  `enabled` varchar(2) DEFAULT NULL COMMENT '是否有效：0无效；1有效',
  `createtime` datetime DEFAULT NULL COMMENT '添加时间',
  `createuser` varchar(50) DEFAULT NULL COMMENT '添加人',
  `updatetime` datetime DEFAULT NULL COMMENT '修改时间',
  `updateuser` varchar(50) DEFAULT NULL COMMENT '修改人',
  `remark` varchar(100) DEFAULT NULL COMMENT '备注',
  PRIMARY KEY (`id`)
) ENGINE=InnoDB AUTO_INCREMENT=10 DEFAULT CHARSET=utf8 COMMENT='保险公司表';

-- ----------------------------
-- Records of bxcompany
-- ----------------------------
INSERT INTO `bxcompany` VALUES ('1', '华安保险', '95556', '1', '2017-05-04 15:22:46', null, '2017-05-04 15:22:46', null, null);
INSERT INTO `bxcompany` VALUES ('2', '中国平安', '95511', '1', '2018-04-06 00:00:34', null, null, null, null);
INSERT INTO `bxcompany` VALUES ('3', '中国人保', '95518', '1', '2018-04-06 00:07:12', null, null, null, null);
INSERT INTO `bxcompany` VALUES ('4', '中国太平', '95519', '1', '2018-04-06 00:16:46', '18', null, null, null);
INSERT INTO `bxcompany` VALUES ('5', '中国人寿', '95512', '1', '2018-04-06 00:19:59', '18', '2018-04-10 01:53:04', '18', null);
INSERT INTO `bxcompany` VALUES ('6', '中国华泰安', '955231', '0', '2018-04-06 00:23:43', '18', '2018-04-06 00:38:24', '18', null);
INSERT INTO `bxcompany` VALUES ('7', '', '', '0', '2018-04-08 22:13:00', null, null, null, null);
INSERT INTO `bxcompany` VALUES ('8', '1231', '32132', '0', '2018-04-08 22:22:12', '18', '2018-04-08 22:22:16', '18', null);
INSERT INTO `bxcompany` VALUES ('9', '大规模', '1231', '0', '2018-04-08 22:28:46', '18', '2018-04-08 22:28:49', '18', null);

-- ----------------------------
-- Table structure for bxproducts
-- ----------------------------
DROP TABLE IF EXISTS `bxproducts`;
CREATE TABLE `bxproducts` (
  `id` int(11) NOT NULL AUTO_INCREMENT COMMENT '主键ID',
  `name` varchar(200) DEFAULT NULL COMMENT '产品名称',
  `classifyId` int(11) DEFAULT NULL COMMENT '所属产品分类',
  `companyId` int(11) DEFAULT NULL COMMENT '所属保险公司',
  `productCode` varchar(20) DEFAULT NULL COMMENT '险种代码',
  `pic_1` varchar(200) DEFAULT NULL COMMENT '产品图片1',
  `pic_2` varchar(200) DEFAULT NULL COMMENT '产品图片2',
  `brief` varchar(1024) DEFAULT NULL COMMENT '产品简介',
  `isHot` bit(1) DEFAULT NULL COMMENT '是否热门产品:0否；1是',
  `productTag` varchar(50) DEFAULT NULL COMMENT '产品标签',
  `price` decimal(18,2) DEFAULT NULL COMMENT '产品价格',
  `orderIndex` int(11) DEFAULT NULL COMMENT '显示顺序',
  `createDateTime` datetime DEFAULT NULL COMMENT '添加时间',
  `publishDateTime` datetime DEFAULT NULL COMMENT '发布时间',
  `status` int(11) DEFAULT NULL COMMENT '产品状态：0：下架1：上架',
  `saleTotal` int(11) DEFAULT NULL COMMENT '销量',
  `url_1` varchar(255) DEFAULT NULL COMMENT '保险详情页地址',
  `url_2` varchar(255) DEFAULT NULL COMMENT '保险详情页地址（测试）',
  `url_3` varchar(255) DEFAULT NULL COMMENT '理赔地址',
  `url_4` varchar(255) DEFAULT NULL COMMENT '保单电子版地址',
  `enabled` varchar(2) DEFAULT NULL COMMENT '是否有效：0无效；1有效',
  `createuser` varchar(50) DEFAULT NULL COMMENT '添加人',
  `updatetime` datetime DEFAULT NULL COMMENT '修改时间',
  `updateuser` varchar(50) DEFAULT NULL COMMENT '修改人',
  `remark` varchar(100) DEFAULT NULL COMMENT '备注',
  PRIMARY KEY (`id`)
) ENGINE=InnoDB AUTO_INCREMENT=20 DEFAULT CHARSET=utf8 COMMENT='保险产品表';

-- ----------------------------
-- Records of bxproducts
-- ----------------------------
INSERT INTO `bxproducts` VALUES ('2', '境外旅游险', '2', '1', '0649', '/upload/4e6baef2-cc67-4a56-89c9-37b9df9130d5.jpg', '/upload/633f843e-10c6-425e-9b26-6c72513a7ee0.jpg', '亚洲旅行保障，境外旅行首选', '', '热门', '43.80', '1', '2018-04-10 17:29:31', '2018-04-12 06:10:53', '1', '12', 'https://m.sinosafe.com.cn/micro-plat/app/policy-common-comp-page.html?productId=0649_jwly&isMulti=1&extenterpCode=0105100748&issueChannel=4', 'https://m.sinosafe.com.cn/micro-plat/app/policy-common-comp-page.html?productId=0649_jwly&isMulti=1&extenterpCode=0105100748&issueChannel=4', 'https://m.sinosafe.com.cn/micro-plat/app/policy-common-comp-page.html?productId=0649_jwly&isMulti=1&extenterpCode=0105100748&issueChannel=4', 'https://m.sinosafe.com.cn/micro-plat/app/policy-common-comp-page.html?productId=0649_jwly&isMulti=1&extenterpCode=0105100748&issueChannel=4', '1', '18', '2018-04-12 06:10:53', '18', null);
INSERT INTO `bxproducts` VALUES ('3', '境内旅游意外险', '2', '1', '0674', '/upload/8089228a-662f-4f7b-8e52-a70e53854692.jpg', '/upload/f3381aed-ac14-410f-886d-e98a39908b56.jpg', '带上她，来一场说走就走的旅行', '', '精选', '4.80', '2', '2018-04-10 17:47:46', '2018-04-12 06:10:20', '1', '2', 'https://m.sinosafe.com.cn/micro-plat/app/policy-common-comp-page.html?productId=0674_micro&isMulti=1&extenterpCode=0105100748&issueChannel=4', 'https://m.sinosafe.com.cn/micro-plat/app/policy-common-comp-page.html?productId=0674_micro&isMulti=1&extenterpCode=0105100748&issueChannel=4', 'https://m.sinosafe.com.cn/micro-plat/app/policy-common-comp-page.html?productId=0674_micro&isMulti=1&extenterpCode=0105100748&issueChannel=4', 'https://m.sinosafe.com.cn/micro-plat/app/policy-common-comp-page.html?productId=0674_micro&isMulti=1&extenterpCode=0105100748&issueChannel=4', '1', '18', '2018-04-12 06:10:20', '18', null);
INSERT INTO `bxproducts` VALUES ('4', '一路平安航空意外险', '2', '1', '060a', '/upload/c6a74685-2e86-4476-990b-c7a04b2d21b8.jpg', '/upload/883c47f7-736b-4595-a5ad-cfc92338ca3e.jpg', '给家人一份安心和承诺，覆盖全球所有航班', '', '', '4.97', '3', '2018-04-11 02:31:00', '2018-04-11 02:34:09', '1', '1', 'https://mtest.sinosafe.com.cn/micro-plat/app/policy-common-comp-page.html?productId=060a_hkyw&isMulti=1&extenterpCode=0105100748&issueChannel=4', 'https://mtest.sinosafe.com.cn/micro-plat/app/policy-common-comp-page.html?productId=060a_hkyw&isMulti=1&extenterpCode=0105100748&issueChannel=4', 'https://mtest.sinosafe.com.cn/micro-plat/app/policy-common-comp-page.html?productId=060a_hkyw&isMulti=1&extenterpCode=0105100748&issueChannel=4', 'https://mtest.sinosafe.com.cn/micro-plat/app/policy-common-comp-page.html?productId=060a_hkyw&isMulti=1&extenterpCode=0105100748&issueChannel=4', '1', '18', '2018-04-11 02:34:09', '18', null);
INSERT INTO `bxproducts` VALUES ('5', '“君安保”个人意外伤害保险', '2', '1', '0615', '/upload/fc846588-60de-45aa-95f6-a738c5ffde96.jpg', '/upload/817df2dc-3f07-4728-a412-d76da1e5edd5.jpg', '给自己或家人一份全方位的综合意外保障', '\0', '', '100.00', '5', '2018-04-11 02:45:07', '2018-04-11 02:45:07', '1', '0', 'https://m.sinosafe.com.cn/micro-plat/app/policy-common-comp-page.html?productId=0615_jab&isMulti=1&extenterpCode=0105100748&issueChannel=4', 'https://m.sinosafe.com.cn/micro-plat/app/policy-common-comp-page.html?productId=0615_jab&isMulti=1&extenterpCode=0105100748&issueChannel=4', 'https://m.sinosafe.com.cn/micro-plat/app/policy-common-comp-page.html?productId=0615_jab&isMulti=1&extenterpCode=0105100748&issueChannel=4', 'https://m.sinosafe.com.cn/micro-plat/app/policy-common-comp-page.html?productId=0615_jab&isMulti=1&extenterpCode=0105100748&issueChannel=4', '1', '18', '2018-04-11 02:45:07', null, null);
INSERT INTO `bxproducts` VALUES ('6', '“尊享人生”人身意外伤害综合保险', '2', '1', '06A9', '/upload/a6c70fa2-5336-482c-bbfa-d84bd0b8ee9e.jpg', '/upload/5f62537c-02ef-48ba-957e-319474151d9e.jpg', '百万意外保障，不限社保，全面分担医疗费压力', '\0', '', '89.00', '10', '2018-04-11 02:47:46', '2018-04-11 02:47:46', '1', '0', 'https://m.sinosafe.com.cn/micro-plat/app/policy-common-comp-page.html?productId=06A9&isMulti=1&extenterpCode=0105100748&issueChannel=4', 'https://m.sinosafe.com.cn/micro-plat/app/policy-common-comp-page.html?productId=06A9&isMulti=1&extenterpCode=0105100748&issueChannel=4', 'https://m.sinosafe.com.cn/micro-plat/app/policy-common-comp-page.html?productId=06A9&isMulti=1&extenterpCode=0105100748&issueChannel=4', 'https://m.sinosafe.com.cn/micro-plat/app/policy-common-comp-page.html?productId=06A9&isMulti=1&extenterpCode=0105100748&issueChannel=4', '1', '18', '2018-04-11 02:47:46', null, null);
INSERT INTO `bxproducts` VALUES ('7', '预防接种意外伤害险', '2', '1', '0615', '/upload/d63c3c85-e682-4174-b18c-b54addd51fd9.jpg', '/upload/8b80bc1a-e1b0-4251-93a8-7c4bee97c312.jpg', '全面保障宝宝接种疫苗的风险', '\0', '', '25.00', '20', '2018-04-11 02:49:26', '2018-04-11 06:51:17', '1', '0', 'https://m.sinosafe.com.cn/micro-plat/app/policy-common-comp-page.html?productId=0615_ym&isMulti=1&extenterpCode=0105100748&issueChannel=4', 'https://m.sinosafe.com.cn/micro-plat/app/policy-common-comp-page.html?productId=0615_ym&isMulti=1&extenterpCode=0105100748&issueChannel=4', 'https://m.sinosafe.com.cn/micro-plat/app/policy-common-comp-page.html?productId=0615_ym&isMulti=1&extenterpCode=0105100748&issueChannel=4', 'https://m.sinosafe.com.cn/micro-plat/app/policy-common-comp-page.html?productId=0615_ym&isMulti=1&extenterpCode=0105100748&issueChannel=4', '1', '18', '2018-04-11 03:12:11', '18', null);
INSERT INTO `bxproducts` VALUES ('8', '学生险', '2', '1', '0606', '/upload/7b466639-ecb1-4ecd-9639-bda65e7b7bf1.jpg', '/upload/d665686c-46b0-42b8-8ecb-5c39f4d61c63.jpg', '学生人身意外伤害保险', '', '', '100.00', '20', '2018-04-11 02:51:21', '2018-04-11 02:51:32', '1', '0', 'https://m.sinosafe.com.cn/micro-plat/app/policy-common-comp-page.html?productId=0606_nngd&isMulti=1&extenterpCode=0105100748&issueChannel=4', 'https://m.sinosafe.com.cn/micro-plat/app/policy-common-comp-page.html?productId=0606_nngd&isMulti=1&extenterpCode=0105100748&issueChannel=4', 'https://m.sinosafe.com.cn/micro-plat/app/policy-common-comp-page.html?productId=0606_nngd&isMulti=1&extenterpCode=0105100748&issueChannel=4', 'https://m.sinosafe.com.cn/micro-plat/app/policy-common-comp-page.html?productId=0606_nngd&isMulti=1&extenterpCode=0105100748&issueChannel=4', '1', '18', '2018-04-11 02:51:32', '18', null);
INSERT INTO `bxproducts` VALUES ('9', '一路平安交通意外伤害保险', '2', '1', '060A', '/upload/087d08f4-852c-4931-b2da-7aa8ba6eebf3.jpg', '/upload/1c4b17ad-9268-419a-aa52-43f6cc22c2f1.jpg', '100万高额保障，超10种交通工具', '\0', '', '11.00', '40', '2018-04-11 02:53:54', '2018-04-11 02:53:54', '1', '0', 'https://m.sinosafe.com.cn/micro-plat/app/policy-common-comp-page.html?productId=060A_0804&isMulti=1&extenterpCode=0105100748&issueChannel=4', 'https://m.sinosafe.com.cn/micro-plat/app/policy-common-comp-page.html?productId=060A_0804&isMulti=1&extenterpCode=0105100748&issueChannel=4', 'https://m.sinosafe.com.cn/micro-plat/app/policy-common-comp-page.html?productId=060A_0804&isMulti=1&extenterpCode=0105100748&issueChannel=4', 'https://m.sinosafe.com.cn/micro-plat/app/policy-common-comp-page.html?productId=060A_0804&isMulti=1&extenterpCode=0105100748&issueChannel=4', '1', '18', '2018-04-11 02:53:54', null, null);
INSERT INTO `bxproducts` VALUES ('10', '广西家车宝驾乘人员意外险', '2', '1', '060I', '/upload/09f1e928-3a8b-49da-9331-213311a9bc9a.jpg', '/upload/c3e079b4-5007-477a-aeba-415f41483aa2.jpg', '一单保全家', '\0', '', '2000.00', '50', '2018-04-11 02:55:11', '2018-04-12 06:12:32', '1', '1', 'https://m.sinosafe.com.cn/micro-plat/app/policy-common-comp-page.html?productId=060I&productPlanId=4271e6a5-7f0b-458d-9cec-c302d8d52a35&extenterpCode=0105100748&issueChannel=4', 'https://m.sinosafe.com.cn/micro-plat/app/policy-common-comp-page.html?productId=060I&productPlanId=4271e6a5-7f0b-458d-9cec-c302d8d52a35&extenterpCode=0105100748&issueChannel=4', 'https://m.sinosafe.com.cn/micro-plat/app/policy-common-comp-page.html?productId=060I&productPlanId=4271e6a5-7f0b-458d-9cec-c302d8d52a35&extenterpCode=0105100748&issueChannel=4', 'https://m.sinosafe.com.cn/micro-plat/app/policy-common-comp-page.html?productId=060I&productPlanId=4271e6a5-7f0b-458d-9cec-c302d8d52a35&extenterpCode=0105100748&issueChannel=4', '1', '18', '2018-04-12 06:12:32', '18', null);
INSERT INTO `bxproducts` VALUES ('11', '貌美如花综合意外险', '2', '1', '060J', '/upload/8f20a9f6-1554-440a-b49e-0d6e6fddc06d.jpg', '/upload/bab92012-6b4d-4804-9909-9400b7f48b44.jpg', '这看脸的世界，就该貌美如花', '\0', '', '97.00', '60', '2018-04-11 02:56:07', '2018-04-12 06:00:47', '1', '0', 'https://m.sinosafe.com.cn/micro-plat/app/policy-common-comp-page.html?productId=060J_mmrh&isMulti=1&extenterpCode=0105100748&issueChannel=4', 'https://m.sinosafe.com.cn/micro-plat/app/policy-common-comp-page.html?productId=060J_mmrh&isMulti=1&extenterpCode=0105100748&issueChannel=4', 'https://m.sinosafe.com.cn/micro-plat/app/policy-common-comp-page.html?productId=060J_mmrh&isMulti=1&extenterpCode=0105100748&issueChannel=4', 'https://m.sinosafe.com.cn/micro-plat/app/policy-common-comp-page.html?productId=060J_mmrh&isMulti=1&extenterpCode=0105100748&issueChannel=4', '1', '18', '2018-04-12 06:00:47', '18', null);
INSERT INTO `bxproducts` VALUES ('12', '吃货无忧保障计划', '3', '1', '1227', '/upload/043bf414-0160-4558-a341-40d5094bb944.jpg', '/upload/dc3cc72a-f9a2-495d-aa4f-d9801bac3133.jpg', '吃货肠胃保障，全年最低只需15元', '\0', '', '15.00', '70', '2018-04-11 02:58:40', '2018-04-11 02:58:40', '1', '0', 'https://m.sinosafe.com.cn/micro-plat/app/policy-common-comp-page.html?productId=1227_chwy&isMulti=1&extenterpCode=0105100748&issueChannel=4', 'https://m.sinosafe.com.cn/micro-plat/app/policy-common-comp-page.html?productId=1227_chwy&isMulti=1&extenterpCode=0105100748&issueChannel=4', 'https://m.sinosafe.com.cn/micro-plat/app/policy-common-comp-page.html?productId=1227_chwy&isMulti=1&extenterpCode=0105100748&issueChannel=4', 'https://m.sinosafe.com.cn/micro-plat/app/policy-common-comp-page.html?productId=1227_chwy&isMulti=1&extenterpCode=0105100748&issueChannel=4', '1', '18', '2018-04-11 02:58:40', null, null);
INSERT INTO `bxproducts` VALUES ('13', '驾校学员意外险', '2', '1', '0695', '/upload/54b857ac-a13c-43a5-b309-dd6254001527.jpg', '/upload/232afd4a-d2ca-4620-80e4-8228e61f88d2.jpg', '学车难免有磕碰，35元尽享安心保障', '\0', '', '35.00', '90', '2018-04-11 03:00:22', '2018-04-11 09:22:24', '1', '0', 'https://m.sinosafe.com.cn/micro-plat/app/policy-common-comp-page.html?productId=0695_micro&isMulti=1&extenterpCode=0105100748&issueChannel=4', 'https://m.sinosafe.com.cn/micro-plat/app/policy-common-comp-page.html?productId=0695_micro&isMulti=1&extenterpCode=0105100748&issueChannel=4', 'https://m.sinosafe.com.cn/micro-plat/app/policy-common-comp-page.html?productId=0695_micro&isMulti=1&extenterpCode=0105100748&issueChannel=4', 'https://m.sinosafe.com.cn/micro-plat/app/policy-common-comp-page.html?productId=0695_micro&isMulti=1&extenterpCode=0105100748&issueChannel=4', '1', '18', '2018-04-11 06:53:01', '18', null);
INSERT INTO `bxproducts` VALUES ('14', '食客安心餐饮业综合保险', '3', '1', '1006', '/upload/5432c1f0-0c69-466b-b13c-5ee704936326.jpg', '/upload/e748034c-01e1-44d0-8317-4df6a5cd764c.jpg', '餐饮经营者的救兵，老板事业的护身符', '\0', '', '0.00', '100', '2018-04-11 03:02:01', '2018-04-12 06:11:04', '1', '0', 'https://m.sinosafe.com.cn/micro-plat/app/policy-common-comp-page.html?productId=1006_micro&isMulti=1&extenterpCode=0105100748&issueChannel=4', 'https://m.sinosafe.com.cn/micro-plat/app/policy-common-comp-page.html?productId=1006_micro&isMulti=1&extenterpCode=0105100748&issueChannel=4', 'https://m.sinosafe.com.cn/micro-plat/app/policy-common-comp-page.html?productId=1006_micro&isMulti=1&extenterpCode=0105100748&issueChannel=4', 'https://m.sinosafe.com.cn/micro-plat/app/policy-common-comp-page.html?productId=1006_micro&isMulti=1&extenterpCode=0105100748&issueChannel=4', '1', '18', '2018-04-12 06:11:04', '18', null);
INSERT INTO `bxproducts` VALUES ('15', '监护人责任险', '2', '1', '0448', '/upload/2a639ceb-c9f6-416a-bfbc-b9179517c798.jpg', '/upload/fda57f90-53d1-43c7-b1ba-2c50bf815a3e.jpg', '拥有熊孩子调皮捣蛋险，从此不再担心熊孩子闯祸', '\0', '', '48.00', '120', '2018-04-11 03:03:42', '2018-04-11 09:29:45', '1', '0', 'https://m.sinosafe.com.cn/micro-plat/app/policy-common-comp-page.html?productId=0448_jhr&isMulti=1&extenterpCode=0105100748&issueChannel=4', 'https://m.sinosafe.com.cn/micro-plat/app/policy-common-comp-page.html?productId=0448_jhr&isMulti=1&extenterpCode=0105100748&issueChannel=4', 'https://m.sinosafe.com.cn/micro-plat/app/policy-common-comp-page.html?productId=0448_jhr&isMulti=1&extenterpCode=0105100748&issueChannel=4', 'https://m.sinosafe.com.cn/micro-plat/app/policy-common-comp-page.html?productId=0448_jhr&isMulti=1&extenterpCode=0105100748&issueChannel=4', '1', '18', '2018-04-11 09:29:45', '18', null);
INSERT INTO `bxproducts` VALUES ('16', '扶老人险', '2', '1', '0458', '/upload/b4131055-ba89-4301-80ce-ca10346f0867.jpg', '/upload/2d10efed-c4d1-4335-9468-724f725d4bea.jpg', '保障您的正义行为', '\0', '', '3.00', '130', '2018-04-11 03:04:52', '2018-04-11 03:04:52', '1', '0', 'https://m.sinosafe.com.cn/micro-plat/app/policy-common-comp-page.html?productId=0458_flr&isMulti=1&extenterpCode=0105100748&issueChannel=4', 'https://m.sinosafe.com.cn/micro-plat/app/policy-common-comp-page.html?productId=0458_flr&isMulti=1&extenterpCode=0105100748&issueChannel=4', 'https://m.sinosafe.com.cn/micro-plat/app/policy-common-comp-page.html?productId=0458_flr&isMulti=1&extenterpCode=0105100748&issueChannel=4', 'https://m.sinosafe.com.cn/micro-plat/app/policy-common-comp-page.html?productId=0458_flr&isMulti=1&extenterpCode=0105100748&issueChannel=4', '1', '18', '2018-04-11 03:04:52', null, null);
INSERT INTO `bxproducts` VALUES ('17', '个人账户资金损失险', '3', '1', '0840', '/upload/723f7e64-5304-4df5-b7b3-53cfdf770f4f.jpg', '/upload/a0fa7e40-6941-4928-ab8e-f50e8dc5a0bd.jpg', '黑手无处不在，13元尽享“资金”保险箱', '\0', '', '13.00', '150', '2018-04-11 03:06:14', '2018-04-12 06:11:10', '1', '0', 'https://m.sinosafe.com.cn/micro-plat/app/policy-common-comp-page.html?productId=0840_micro&isMulti=1&extenterpCode=0105100748&issueChannel=4', 'https://m.sinosafe.com.cn/micro-plat/app/policy-common-comp-page.html?productId=0840_micro&isMulti=1&extenterpCode=0105100748&issueChannel=4', 'https://m.sinosafe.com.cn/micro-plat/app/policy-common-comp-page.html?productId=0840_micro&isMulti=1&extenterpCode=0105100748&issueChannel=4', 'https://m.sinosafe.com.cn/micro-plat/app/policy-common-comp-page.html?productId=0840_micro&isMulti=1&extenterpCode=0105100748&issueChannel=4', '1', '18', '2018-04-12 06:11:10', '18', null);
INSERT INTO `bxproducts` VALUES ('18', '电动车第三者责任险', '2', '1', '0439', '/upload/dcee3c4d-a4cf-4c45-935a-4b4c3b66c2a0.jpg', '/upload/d2a9be50-70ae-492d-bd20-f7ed93817c26.jpg', '碰瓷、被碰不用怕，过失碰撞有保障', '\0', '', '30.00', '160', '2018-04-11 03:07:33', '2018-04-11 03:07:33', '1', '0', 'https://m.sinosafe.com.cn/micro-plat/app/policy-common-comp-page.html?productId=0439&isMulti=1&extenterpCode=0105100748&issueChannel=4', 'https://m.sinosafe.com.cn/micro-plat/app/policy-common-comp-page.html?productId=0439&isMulti=1&extenterpCode=0105100748&issueChannel=4', 'https://m.sinosafe.com.cn/micro-plat/app/policy-common-comp-page.html?productId=0439&isMulti=1&extenterpCode=0105100748&issueChannel=4', 'https://m.sinosafe.com.cn/micro-plat/app/policy-common-comp-page.html?productId=0439&isMulti=1&extenterpCode=0105100748&issueChannel=4', '1', '18', '2018-04-11 03:07:33', null, null);
INSERT INTO `bxproducts` VALUES ('19', '广西满堂福家庭财产保险', '1', '1', '0833', '/upload/919f1712-29ea-4ed1-aef7-b16c351a24b8.jpg', '/upload/6127403b-3775-4fa6-b42c-119751de89e0.jpg', '小小的投入，拖起一个安全的家', '\0', '', '227.50', '180', '2018-04-11 03:08:29', '2018-04-12 00:21:30', '1', '0', 'https://m.sinosafe.com.cn/micro-plat/app/policy-common-comp-page.html?productId=0833_micro&isMulti=1&extenterpCode=0105100748&issueChannel=4', 'https://m.sinosafe.com.cn/micro-plat/app/policy-common-comp-page.html?productId=0833_micro&isMulti=1&extenterpCode=0105100748&issueChannel=4', 'https://m.sinosafe.com.cn/micro-plat/app/policy-common-comp-page.html?productId=0833_micro&isMulti=1&extenterpCode=0105100748&issueChannel=4', 'https://m.sinosafe.com.cn/micro-plat/app/policy-common-comp-page.html?productId=0833_micro&isMulti=1&extenterpCode=0105100748&issueChannel=4', '1', '18', '2018-04-12 00:21:30', '18', null);

-- ----------------------------
-- Table structure for i_log
-- ----------------------------
DROP TABLE IF EXISTS `i_log`;
CREATE TABLE `i_log` (
  `id` int(11) NOT NULL AUTO_INCREMENT,
  `username` varchar(255) DEFAULT NULL COMMENT '操作用户',
  `type` tinyint(4) NOT NULL COMMENT '操作类型(0操作日志;1异常日志)',
  `url` varchar(255) DEFAULT NULL COMMENT '请求地址',
  `method` varchar(255) NOT NULL COMMENT '执行方法',
  `params` text COMMENT '请求参数',
  `requestip` varchar(255) NOT NULL COMMENT '请求IP',
  `description` varchar(255) DEFAULT NULL COMMENT '操作描述',
  `detail` text COMMENT '异常详情',
  `oper_date` datetime NOT NULL COMMENT '操作日期',
  PRIMARY KEY (`id`)
) ENGINE=InnoDB AUTO_INCREMENT=3277 DEFAULT CHARSET=utf8 COMMENT='系统日志表';

-- ----------------------------
-- Records of i_log
-- ----------------------------
INSERT INTO `i_log` VALUES ('3128', 'admin', '0', '/bxsc/admin/login', 'com.xe.demo.controller.LoginController.login()', '{password=e10adc3949ba59abbe56e057f20f883e, loginIp=10.30.0.190, username=admin}', '10.30.0.190', '登录', null, '2018-04-09 20:40:31');
INSERT INTO `i_log` VALUES ('3129', '匿名操作', '0', '/bxsc/bx/cp/update', 'com.xe.demo.controller.BXCompanyController.update()', '{phone=955121, companyName=中国人寿1, loginIp=10.30.0.190, id=5}', '10.30.0.190', '修改保险公司', null, '2018-04-09 20:41:16');
INSERT INTO `i_log` VALUES ('3130', '匿名操作', '0', '/bxsc/bx/cp/update', 'com.xe.demo.controller.BXCompanyController.update()', '{phone=95512, companyName=中国人寿, loginIp=10.30.0.190, id=5}', '10.30.0.190', '修改保险公司', null, '2018-04-09 20:41:23');
INSERT INTO `i_log` VALUES ('3131', 'admin', '0', '/bxsc/admin/login', 'com.xe.demo.controller.LoginController.login()', '{password=e10adc3949ba59abbe56e057f20f883e, loginIp=36.57.33.112, username=admin}', '36.57.33.112', '登录', null, '2018-04-09 20:44:22');
INSERT INTO `i_log` VALUES ('3132', 'admin', '0', '/bxsc/admin/login', 'com.xe.demo.controller.LoginController.login()', '{password=e10adc3949ba59abbe56e057f20f883e, loginIp=171.36.208.16, username=admin}', '171.36.208.16', '登录', null, '2018-04-09 22:24:36');
INSERT INTO `i_log` VALUES ('3133', 'admin', '0', '/bxsc/admin/login', 'com.xe.demo.controller.LoginController.login()', '{password=e10adc3949ba59abbe56e057f20f883e, loginIp=180.141.89.131, username=admin}', '180.141.89.131', '登录', null, '2018-04-10 09:15:07');
INSERT INTO `i_log` VALUES ('3134', 'admin', '0', '/bxsc/admin/oper/queryPage', 'com.xe.demo.controller.OperationController.queryPage()', '{sortName=id, pageNo=1, sortOrder=desc, loginIp=180.141.89.131, pageSize=10}', '180.141.89.131', '查询权限列表', null, '2018-04-10 09:17:11');
INSERT INTO `i_log` VALUES ('3135', 'admin', '0', '/bxsc/admin/oper/queryPage', 'com.xe.demo.controller.OperationController.queryPage()', '{sortName=id, pageNo=2, sortOrder=desc, loginIp=180.141.89.131, pageSize=10}', '180.141.89.131', '查询权限列表', null, '2018-04-10 09:17:37');
INSERT INTO `i_log` VALUES ('3136', 'admin', '0', '/bxsc/admin/oper/queryPage', 'com.xe.demo.controller.OperationController.queryPage()', '{sortName=id, pageNo=3, sortOrder=desc, loginIp=180.141.89.131, pageSize=10}', '180.141.89.131', '查询权限列表', null, '2018-04-10 09:17:41');
INSERT INTO `i_log` VALUES ('3137', 'admin', '0', '/bxsc/admin/oper/queryPage', 'com.xe.demo.controller.OperationController.queryPage()', '{sortName=id, pageNo=4, sortOrder=desc, loginIp=180.141.89.131, pageSize=10}', '180.141.89.131', '查询权限列表', null, '2018-04-10 09:17:42');
INSERT INTO `i_log` VALUES ('3138', 'admin', '0', '/bxsc/admin/oper/queryPage', 'com.xe.demo.controller.OperationController.queryPage()', '{sortName=id, pageNo=5, sortOrder=desc, loginIp=180.141.89.131, pageSize=10}', '180.141.89.131', '查询权限列表', null, '2018-04-10 09:17:44');
INSERT INTO `i_log` VALUES ('3139', 'admin', '0', '/bxsc/admin/oper/queryPage', 'com.xe.demo.controller.OperationController.queryPage()', '{sortName=id, pageNo=1, sortOrder=desc, loginIp=180.141.89.131, pageSize=10}', '180.141.89.131', '查询权限列表', null, '2018-04-10 09:18:00');
INSERT INTO `i_log` VALUES ('3140', 'admin', '0', '/bxsc/admin/oper/queryPage', 'com.xe.demo.controller.OperationController.queryPage()', '{sortName=id, pageNo=1, sortOrder=desc, loginIp=180.141.89.131, pageSize=10}', '180.141.89.131', '查询权限列表', null, '2018-04-10 09:18:59');
INSERT INTO `i_log` VALUES ('3141', 'admin', '0', '/bxsc/admin/oper/queryPage', 'com.xe.demo.controller.OperationController.queryPage()', '{sortName=id, pageNo=5, sortOrder=desc, loginIp=180.141.89.131, pageSize=10}', '180.141.89.131', '查询权限列表', null, '2018-04-10 09:19:34');
INSERT INTO `i_log` VALUES ('3142', 'admin', '0', '/bxsc/admin/oper/queryPage', 'com.xe.demo.controller.OperationController.queryPage()', '{sortName=id, pageNo=1, sortOrder=desc, loginIp=180.141.89.131, pageSize=10}', '180.141.89.131', '查询权限列表', null, '2018-04-10 09:19:40');
INSERT INTO `i_log` VALUES ('3143', 'admin', '0', '/bxsc/admin/oper/queryPage', 'com.xe.demo.controller.OperationController.queryPage()', '{sortName=id, pageNo=1, sortOrder=desc, loginIp=180.141.89.131, pageSize=10}', '180.141.89.131', '查询权限列表', null, '2018-04-10 09:20:25');
INSERT INTO `i_log` VALUES ('3144', 'admin', '0', '/bxsc/admin/login', 'com.xe.demo.controller.LoginController.login()', '{password=e10adc3949ba59abbe56e057f20f883e, loginIp=113.16.60.54, username=admin}', '113.16.60.54', '登录', null, '2018-04-10 09:36:44');
INSERT INTO `i_log` VALUES ('3145', 'admin', '0', '/bxsc/admin/oper/queryPage', 'com.xe.demo.controller.OperationController.queryPage()', '{sortName=id, pageNo=1, sortOrder=desc, loginIp=113.16.60.54, pageSize=10}', '113.16.60.54', '查询权限列表', null, '2018-04-10 09:41:12');
INSERT INTO `i_log` VALUES ('3146', 'admin', '0', '/bxsc/admin/login', 'com.xe.demo.controller.LoginController.login()', '{password=e10adc3949ba59abbe56e057f20f883e, loginIp=113.16.60.54, username=admin}', '113.16.60.54', '登录', null, '2018-04-10 09:46:10');
INSERT INTO `i_log` VALUES ('3147', 'admin', '0', '/bxsc/admin/login', 'com.xe.demo.controller.LoginController.login()', '{password=e10adc3949ba59abbe56e057f20f883e, loginIp=180.141.89.131, username=admin}', '180.141.89.131', '登录', null, '2018-04-10 09:53:20');
INSERT INTO `i_log` VALUES ('3148', '匿名操作', '0', '/bxsc/bx/cp/update', 'com.xe.demo.controller.BXCompanyController.update()', '{phone=95512, companyName=中国人寿, loginIp=180.141.89.131, id=5}', '180.141.89.131', '修改保险公司', null, '2018-04-10 09:53:31');
INSERT INTO `i_log` VALUES ('3149', '匿名操作', '0', '/bxsc/bx/class/update', 'com.xe.demo.controller.BXClassifyController.update()', '{loginIp=180.141.89.131, name=财产, orderIndex=1, id=1}', '180.141.89.131', '修改保险产品分类', null, '2018-04-10 09:53:41');
INSERT INTO `i_log` VALUES ('3150', 'admin', '0', '/bxsc/admin/login', 'com.xe.demo.controller.LoginController.login()', '{password=e10adc3949ba59abbe56e057f20f883e, loginIp=113.16.60.54, username=admin}', '113.16.60.54', '登录', null, '2018-04-10 09:53:57');
INSERT INTO `i_log` VALUES ('3151', 'admin', '0', '/bxsc/admin/oper/queryPage', 'com.xe.demo.controller.OperationController.queryPage()', '{sortName=id, pageNo=1, sortOrder=desc, loginIp=113.16.60.54, pageSize=10}', '113.16.60.54', '查询权限列表', null, '2018-04-10 09:55:57');
INSERT INTO `i_log` VALUES ('3152', 'admin', '0', '/bxsc/admin/login', 'com.xe.demo.controller.LoginController.login()', '{password=e10adc3949ba59abbe56e057f20f883e, loginIp=180.141.89.131, username=admin}', '180.141.89.131', '登录', null, '2018-04-10 17:55:06');
INSERT INTO `i_log` VALUES ('3153', 'admin', '0', '/admin/login', 'com.xe.demo.controller.LoginController.login()', '{password=e10adc3949ba59abbe56e057f20f883e, loginIp=192.168.0.105, username=admin}', '192.168.0.105', '登录', null, '2018-04-10 23:07:27');
INSERT INTO `i_log` VALUES ('3154', 'admin', '0', '/bxsc/admin/login', 'com.xe.demo.controller.LoginController.login()', '{password=e10adc3949ba59abbe56e057f20f883e, loginIp=58.33.148.66, username=admin}', '58.33.148.66', '登录', null, '2018-04-11 01:27:50');
INSERT INTO `i_log` VALUES ('3155', '匿名操作', '0', '/bxsc/bx/pd/deleteByID/1', 'com.xe.demo.controller.BXProductsController.deleteByID()', '{loginIp=58.33.148.66}', '58.33.148.66', '删除保险产品', null, '2018-04-11 01:28:29');
INSERT INTO `i_log` VALUES ('3156', '匿名操作', '0', '/bxsc/bx/pd/add', 'com.xe.demo.controller.BXProductsController.add()', '{brief=电动车保险电动车保险, product=1, url_4=http://www.baidu.com, saleTotal=12, url_2=http://www.baidu.com, pic_1_hidden=/upload/850cb271-147b-4d38-8693-cc5432cda78f.jpg, url_3=http://www.baidu.com, pic_2_hidden=/upload/551d71d5-8b01-407e-a8b2-43a96401e470.jpg, url_1=http://www.baidu.com, productName=电动车保险, productCode=0001, price=0.88, productTag=精选, loginIp=58.33.148.66, orderIndex=1, company=1, isHot=true, status=0}', '58.33.148.66', '添加保险产品', null, '2018-04-11 01:29:58');
INSERT INTO `i_log` VALUES ('3157', 'admin', '0', '/bxsc/admin/login', 'com.xe.demo.controller.LoginController.login()', '{password=e10adc3949ba59abbe56e057f20f883e, loginIp=58.33.148.66, username=admin}', '58.33.148.66', '登录', null, '2018-04-11 01:38:16');
INSERT INTO `i_log` VALUES ('3158', 'admin', '0', '/bxsc/admin/login', 'com.xe.demo.controller.LoginController.login()', '{password=0985251f3d13076beec69aca778ea31f, loginIp=58.33.148.66, username=admin}', '58.33.148.66', '登录', null, '2018-04-11 01:45:24');
INSERT INTO `i_log` VALUES ('3159', 'admin', '0', '/bxsc/admin/login', 'com.xe.demo.controller.LoginController.login()', '{password=e10adc3949ba59abbe56e057f20f883e, loginIp=58.33.148.66, username=admin}', '58.33.148.66', '登录', null, '2018-04-11 01:45:32');
INSERT INTO `i_log` VALUES ('3160', '匿名操作', '0', '/bxsc/bx/pd/add', 'com.xe.demo.controller.BXProductsController.add()', '{brief=人身保险, product=3, url_4=http://www.baidu.com, saleTotal=2, url_2=http://www.baidu.com, pic_1_hidden=/upload/0e1e21a2-1ae7-4454-b19d-5dc44fa4a64a.png, url_3=http://www.baidu.com, pic_2_hidden=/upload/4247926c-86e9-427d-b5e9-1de8448a977a.png, url_1=http://www.baidu.com, productName=人身保险, productCode=1001, price=0.55, productTag=精选, loginIp=58.33.148.66, orderIndex=2, company=5, isHot=true, status=0}', '58.33.148.66', '添加保险产品', null, '2018-04-11 01:48:14');
INSERT INTO `i_log` VALUES ('3161', 'admin', '0', '/admin/login', 'com.xe.demo.controller.LoginController.login()', '{password=e10adc3949ba59abbe56e057f20f883e, loginIp=192.168.0.103, username=admin}', '192.168.0.103', '登录', null, '2018-04-11 02:09:53');
INSERT INTO `i_log` VALUES ('3162', '匿名操作', '0', '/bx/pd/update', 'com.xe.demo.controller.BXProductsController.update()', '{brief=电动车保险电动车保险, product=1, url_4=http://www.baidu.com, saleTotal=12, url_2=http://www.baidu.com, pic_1_hidden=/upload/a59cfb07-c9a4-4402-aff0-09ae3f37fc7e.png, url_3=http://www.baidu.com, pic_2_hidden=/upload/56b9393d-583b-4e48-a1f4-7ed9aff4a16a.png, url_1=http://www.baidu.com, productName=电动车保险, productCode=0001, price=0.88, productTag=精选, loginIp=192.168.0.103, orderIndex=1, company=1, id=2, isHot=true, status=0}', '192.168.0.103', '修改保险产品', null, '2018-04-11 02:10:56');
INSERT INTO `i_log` VALUES ('3163', 'admin', '0', '/bxsc/admin/login', 'com.xe.demo.controller.LoginController.login()', '{password=e10adc3949ba59abbe56e057f20f883e, loginIp=58.33.148.66, username=admin}', '58.33.148.66', '登录', null, '2018-04-11 02:20:11');
INSERT INTO `i_log` VALUES ('3164', '匿名操作', '0', '/bxsc/bx/pd/update', 'com.xe.demo.controller.BXProductsController.update()', '{brief=电动车保险电动车保险, product=1, url_4=http://www.baidu.com, saleTotal=12, url_2=http://www.baidu.com, pic_1_hidden=/upload/effb40c5-4407-4939-95f8-9151907e6244.jpg, url_3=http://www.baidu.com, pic_2_hidden=/upload/8252a8af-8ed9-4490-b609-3d475ad11bd6.jpg, url_1=http://www.baidu.com, productName=电动车保险, productCode=0001, price=0.88, productTag=精选, loginIp=58.33.148.66, orderIndex=1, company=1, id=2, isHot=true, status=0}', '58.33.148.66', '修改保险产品', null, '2018-04-11 02:22:00');
INSERT INTO `i_log` VALUES ('3165', '匿名操作', '0', '/bxsc/bx/pd/modifyPublishStatus/2/1', 'com.xe.demo.controller.BXProductsController.modifyPublishStatus()', '{loginIp=58.33.148.66}', '58.33.148.66', '修改保险产品上下架操作', null, '2018-04-11 02:22:53');
INSERT INTO `i_log` VALUES ('3166', 'admin', '0', '/bxsc/admin/login', 'com.xe.demo.controller.LoginController.login()', '{password=e10adc3949ba59abbe56e057f20f883e, loginIp=58.33.148.66, username=admin}', '58.33.148.66', '登录', null, '2018-04-11 02:35:26');
INSERT INTO `i_log` VALUES ('3167', 'admin', '0', '/bxsc/admin/login', 'com.xe.demo.controller.LoginController.login()', '{password=e10adc3949ba59abbe56e057f20f883e, loginIp=180.141.89.131, username=admin}', '180.141.89.131', '登录', null, '2018-04-11 09:25:18');
INSERT INTO `i_log` VALUES ('3168', 'admin', '0', '/bxsc/admin/login', 'com.xe.demo.controller.LoginController.login()', '{password=e10adc3949ba59abbe56e057f20f883e, loginIp=113.16.60.54, username=admin}', '113.16.60.54', '登录', null, '2018-04-11 09:46:09');
INSERT INTO `i_log` VALUES ('3169', '匿名操作', '0', '/bxsc/bx/pd/modifyPublishStatus/3/1', 'com.xe.demo.controller.BXProductsController.modifyPublishStatus()', '{loginIp=113.16.60.54}', '113.16.60.54', '修改保险产品上下架操作', null, '2018-04-11 09:47:28');
INSERT INTO `i_log` VALUES ('3170', '匿名操作', '0', '/bxsc/bx/pd/update', 'com.xe.demo.controller.BXProductsController.update()', '{brief=人身保险, product=3, url_4=http://www.baidu.com, saleTotal=2, url_2=http://www.baidu.com, pic_1_hidden=/upload/0e1e21a2-1ae7-4454-b19d-5dc44fa4a64a.png, url_3=http://www.baidu.com, pic_2_hidden=/upload/4247926c-86e9-427d-b5e9-1de8448a977a.png, url_1=https://mtest.sinosafe.com.cn/micro-plat/app/policy-common-comp-page.html?productId=0649_jwly&isMulti=1&extenterpCode=0105100748&issueChannel=4, productName=境外旅游险, productCode=1001, price=0.55, productTag=精选, loginIp=113.16.60.54, orderIndex=2, company=5, id=3, isHot=true, status=1}', '113.16.60.54', '修改保险产品', null, '2018-04-11 09:49:22');
INSERT INTO `i_log` VALUES ('3171', '匿名操作', '0', '/bxsc/bx/pd/update', 'com.xe.demo.controller.BXProductsController.update()', '{brief=亚洲旅行保障，境外旅行首选, product=2, url_4=http://www.baidu.com, saleTotal=12, url_2=http://www.baidu.com, pic_1_hidden=/upload/4e6baef2-cc67-4a56-89c9-37b9df9130d5.jpg, url_3=http://www.baidu.com, pic_2_hidden=/upload/633f843e-10c6-425e-9b26-6c72513a7ee0.jpg, url_1=http://www.baidu.com, productName=境外旅游险, productCode=0649, price=0.88, productTag=精选, loginIp=113.16.60.54, orderIndex=1, company=1, id=2, isHot=true, status=1}', '113.16.60.54', '修改保险产品', null, '2018-04-11 10:10:54');
INSERT INTO `i_log` VALUES ('3172', '匿名操作', '0', '/bxsc/bx/pd/update', 'com.xe.demo.controller.BXProductsController.update()', '{brief=亚洲旅行保障，境外旅行首选, product=1, url_4=http://www.baidu.com, saleTotal=12, url_2=http://www.baidu.com, pic_1_hidden=/upload/4e6baef2-cc67-4a56-89c9-37b9df9130d5.jpg, url_3=http://www.baidu.com, pic_2_hidden=/upload/633f843e-10c6-425e-9b26-6c72513a7ee0.jpg, url_1=http://www.baidu.com, productName=境外旅游险, productCode=0649, price=0.88, productTag=精选, loginIp=113.16.60.54, orderIndex=1, company=1, id=2, isHot=true, status=1}', '113.16.60.54', '修改保险产品', null, '2018-04-11 10:12:01');
INSERT INTO `i_log` VALUES ('3173', '匿名操作', '0', '/bxsc/bx/pd/update', 'com.xe.demo.controller.BXProductsController.update()', '{brief=亚洲旅行保障，境外旅行首选, product=1, url_4=http://www.net.cn, saleTotal=12, url_2=http://www.163.com, pic_1_hidden=/upload/4e6baef2-cc67-4a56-89c9-37b9df9130d5.jpg, url_3=http://www.qq.com, pic_2_hidden=/upload/633f843e-10c6-425e-9b26-6c72513a7ee0.jpg, url_1=http://www.sina.com.cn, productName=电动车保险, productCode=0649, price=0.88, productTag=精选, loginIp=113.16.60.54, orderIndex=1, company=1, id=2, isHot=true, status=1}', '113.16.60.54', '修改保险产品', null, '2018-04-11 10:12:52');
INSERT INTO `i_log` VALUES ('3174', '匿名操作', '0', '/bxsc/bx/pd/update', 'com.xe.demo.controller.BXProductsController.update()', '{brief=亚洲旅行保障，境外旅行首选, product=1, url_4=http://www.net.cn, saleTotal=12, url_2=http://www.163.com, pic_1_hidden=/upload/4e6baef2-cc67-4a56-89c9-37b9df9130d5.jpg, url_3=http://www.qq.com, pic_2_hidden=/upload/633f843e-10c6-425e-9b26-6c72513a7ee0.jpg, url_1=http://www.sina.com.cn, productName=电动车保险, productCode=0649, price=0.88, productTag=热门, loginIp=113.16.60.54, orderIndex=1, company=1, id=2, isHot=true, status=1}', '113.16.60.54', '修改保险产品', null, '2018-04-11 10:14:15');
INSERT INTO `i_log` VALUES ('3175', '匿名操作', '0', '/bxsc/bx/pd/update', 'com.xe.demo.controller.BXProductsController.update()', '{brief=带上她，来一场说走就走的旅行, product=3, url_4=http://www.baidu.com, saleTotal=2, url_2=http://www.baidu.com, pic_1_hidden=/upload/0e1e21a2-1ae7-4454-b19d-5dc44fa4a64a.png, url_3=http://www.baidu.com, pic_2_hidden=/upload/4247926c-86e9-427d-b5e9-1de8448a977a.png, url_1=https://mtest.sinosafe.com.cn/micro-plat/app/policy-common-comp-page.html?productId=0649_jwly&isMulti=1&extenterpCode=0105100748&issueChannel=4, productName=境内旅游意外险, productCode=0674, price=4.8, productTag=精选, loginIp=113.16.60.54, orderIndex=2, company=5, id=3, isHot=true, status=1}', '113.16.60.54', '修改保险产品', null, '2018-04-11 10:15:49');
INSERT INTO `i_log` VALUES ('3176', '匿名操作', '0', '/bxsc/bx/pd/update', 'com.xe.demo.controller.BXProductsController.update()', '{brief=带上她，来一场说走就走的旅行, product=3, url_4=http://www.baidu.com, saleTotal=2, url_2=http://www.baidu.com, pic_1_hidden=/upload/8089228a-662f-4f7b-8e52-a70e53854692.jpg, url_3=http://www.baidu.com, pic_2_hidden=/upload/f3381aed-ac14-410f-886d-e98a39908b56.jpg, url_1=https://mtest.sinosafe.com.cn/micro-plat/app/policy-common-comp-page.html?productId=0649_jwly&isMulti=1&extenterpCode=0105100748&issueChannel=4, productName=人身保险, productCode=0674, price=4.80, productTag=精选, loginIp=113.16.60.54, orderIndex=2, company=5, id=3, isHot=true, status=1}', '113.16.60.54', '修改保险产品', null, '2018-04-11 10:16:25');
INSERT INTO `i_log` VALUES ('3177', '匿名操作', '0', '/bxsc/bx/pd/update', 'com.xe.demo.controller.BXProductsController.update()', '{brief=带上她，来一场说走就走的旅行, product=3, url_4=http://www.baidu.com, saleTotal=2, url_2=http://www.baidu.com, pic_1_hidden=/upload/8089228a-662f-4f7b-8e52-a70e53854692.jpg, url_3=http://www.baidu.com, pic_2_hidden=/upload/f3381aed-ac14-410f-886d-e98a39908b56.jpg, url_1=https://mtest.sinosafe.com.cn/micro-plat/app/policy-common-comp-page.html?productId=0649_jwly&isMulti=1&extenterpCode=0105100748&issueChannel=4, productName=人身保险, productCode=0674, price=4.80, productTag=精选, loginIp=113.16.60.54, orderIndex=2, company=1, id=3, isHot=true, status=1}', '113.16.60.54', '修改保险产品', null, '2018-04-11 10:18:25');
INSERT INTO `i_log` VALUES ('3178', '匿名操作', '0', '/bxsc/bx/pd/update', 'com.xe.demo.controller.BXProductsController.update()', '{brief=亚洲旅行保障，境外旅行首选, product=1, url_4=http://www.net.cn, saleTotal=12, url_2=http://www.163.com, pic_1_hidden=/upload/4e6baef2-cc67-4a56-89c9-37b9df9130d5.jpg, url_3=http://www.qq.com, pic_2_hidden=/upload/633f843e-10c6-425e-9b26-6c72513a7ee0.jpg, url_1=http://www.sina.com.cn, productName=电动车保险, productCode=0649, price=43.8, productTag=热门, loginIp=113.16.60.54, orderIndex=1, company=1, id=2, isHot=true, status=1}', '113.16.60.54', '修改保险产品', null, '2018-04-11 10:19:04');
INSERT INTO `i_log` VALUES ('3179', '匿名操作', '0', '/bxsc/bx/pd/add', 'com.xe.demo.controller.BXProductsController.add()', '{brief=给家人一份安心和承诺，覆盖全球所有航班, product=2, url_4=https://mtest.sinosafe.com.cn/micro-plat/app/policy-common-comp-page.html?productId=060a_hkyw&isMulti=1&extenterpCode=0105100748&issueChannel=4, saleTotal=1, url_2=https://mtest.sinosafe.com.cn/micro-plat/app/policy-common-comp-page.html?productId=060a_hkyw&isMulti=1&extenterpCode=0105100748&issueChannel=4, pic_1_hidden=/upload/c6a74685-2e86-4476-990b-c7a04b2d21b8.jpg, url_3=https://mtest.sinosafe.com.cn/micro-plat/app/policy-common-comp-page.html?productId=060a_hkyw&isMulti=1&extenterpCode=0105100748&issueChannel=4, pic_2_hidden=/upload/883c47f7-736b-4595-a5ad-cfc92338ca3e.jpg, url_1=https://mtest.sinosafe.com.cn/micro-plat/app/policy-common-comp-page.html?productId=060a_hkyw&isMulti=1&extenterpCode=0105100748&issueChannel=4, productName=一路平安航空意外险, productCode=060a, price=4.97, productTag=, loginIp=113.16.60.54, orderIndex=, company=1, isHot=true, status=1}', '113.16.60.54', '添加保险产品', null, '2018-04-11 10:29:27');
INSERT INTO `i_log` VALUES ('3180', '匿名操作', '0', '/bxsc/bx/pd/add', 'com.xe.demo.controller.BXProductsController.add()', '{brief=给家人一份安心和承诺，覆盖全球所有航班, product=2, url_4=https://mtest.sinosafe.com.cn/micro-plat/app/policy-common-comp-page.html?productId=060a_hkyw&isMulti=1&extenterpCode=0105100748&issueChannel=4, saleTotal=1, url_2=https://mtest.sinosafe.com.cn/micro-plat/app/policy-common-comp-page.html?productId=060a_hkyw&isMulti=1&extenterpCode=0105100748&issueChannel=4, pic_1_hidden=/upload/c6a74685-2e86-4476-990b-c7a04b2d21b8.jpg, url_3=https://mtest.sinosafe.com.cn/micro-plat/app/policy-common-comp-page.html?productId=060a_hkyw&isMulti=1&extenterpCode=0105100748&issueChannel=4, pic_2_hidden=/upload/883c47f7-736b-4595-a5ad-cfc92338ca3e.jpg, url_1=https://mtest.sinosafe.com.cn/micro-plat/app/policy-common-comp-page.html?productId=060a_hkyw&isMulti=1&extenterpCode=0105100748&issueChannel=4, productName=一路平安航空意外险, productCode=060a, price=4.97, productTag=, loginIp=113.16.60.54, orderIndex=, company=1, isHot=true, status=1}', '113.16.60.54', '添加保险产品', null, '2018-04-11 10:29:33');
INSERT INTO `i_log` VALUES ('3181', '匿名操作', '0', '/bxsc/bx/pd/add', 'com.xe.demo.controller.BXProductsController.add()', '{brief=给家人一份安心和承诺，覆盖全球所有航班, product=2, url_4=https://mtest.sinosafe.com.cn/micro-plat/app/policy-common-comp-page.html?productId=060a_hkyw&isMulti=1&extenterpCode=0105100748&issueChannel=4, saleTotal=1, url_2=https://mtest.sinosafe.com.cn/micro-plat/app/policy-common-comp-page.html?productId=060a_hkyw&isMulti=1&extenterpCode=0105100748&issueChannel=4, pic_1_hidden=/upload/c6a74685-2e86-4476-990b-c7a04b2d21b8.jpg, url_3=https://mtest.sinosafe.com.cn/micro-plat/app/policy-common-comp-page.html?productId=060a_hkyw&isMulti=1&extenterpCode=0105100748&issueChannel=4, pic_2_hidden=/upload/883c47f7-736b-4595-a5ad-cfc92338ca3e.jpg, url_1=https://mtest.sinosafe.com.cn/micro-plat/app/policy-common-comp-page.html?productId=060a_hkyw&isMulti=1&extenterpCode=0105100748&issueChannel=4, productName=一路平安航空意外险, productCode=060a, price=4.97, productTag=, loginIp=113.16.60.54, orderIndex=, company=1, isHot=true, status=1}', '113.16.60.54', '添加保险产品', null, '2018-04-11 10:29:37');
INSERT INTO `i_log` VALUES ('3182', '匿名操作', '0', '/bxsc/bx/pd/add', 'com.xe.demo.controller.BXProductsController.add()', '{brief=给家人一份安心和承诺，覆盖全球所有航班, product=2, url_4=https://mtest.sinosafe.com.cn/micro-plat/app/policy-common-comp-page.html?productId=060a_hkyw&isMulti=1&extenterpCode=0105100748&issueChannel=4, saleTotal=1, url_2=https://mtest.sinosafe.com.cn/micro-plat/app/policy-common-comp-page.html?productId=060a_hkyw&isMulti=1&extenterpCode=0105100748&issueChannel=4, pic_1_hidden=/upload/c6a74685-2e86-4476-990b-c7a04b2d21b8.jpg, url_3=https://mtest.sinosafe.com.cn/micro-plat/app/policy-common-comp-page.html?productId=060a_hkyw&isMulti=1&extenterpCode=0105100748&issueChannel=4, pic_2_hidden=/upload/883c47f7-736b-4595-a5ad-cfc92338ca3e.jpg, url_1=https://mtest.sinosafe.com.cn/micro-plat/app/policy-common-comp-page.html?productId=060a_hkyw&isMulti=1&extenterpCode=0105100748&issueChannel=4, productName=一路平安航空意外险, productCode=060a, price=4.97, productTag=, loginIp=113.16.60.54, orderIndex=, company=1, isHot=true, status=1}', '113.16.60.54', '添加保险产品', null, '2018-04-11 10:29:38');
INSERT INTO `i_log` VALUES ('3183', '匿名操作', '0', '/bxsc/bx/pd/add', 'com.xe.demo.controller.BXProductsController.add()', '{brief=给家人一份安心和承诺，覆盖全球所有航班, product=2, url_4=https://mtest.sinosafe.com.cn/micro-plat/app/policy-common-comp-page.html?productId=060a_hkyw&isMulti=1&extenterpCode=0105100748&issueChannel=4, saleTotal=1, url_2=https://mtest.sinosafe.com.cn/micro-plat/app/policy-common-comp-page.html?productId=060a_hkyw&isMulti=1&extenterpCode=0105100748&issueChannel=4, pic_1_hidden=/upload/c6a74685-2e86-4476-990b-c7a04b2d21b8.jpg, url_3=https://mtest.sinosafe.com.cn/micro-plat/app/policy-common-comp-page.html?productId=060a_hkyw&isMulti=1&extenterpCode=0105100748&issueChannel=4, pic_2_hidden=/upload/883c47f7-736b-4595-a5ad-cfc92338ca3e.jpg, url_1=https://mtest.sinosafe.com.cn/micro-plat/app/policy-common-comp-page.html?productId=060a_hkyw&isMulti=1&extenterpCode=0105100748&issueChannel=4, productName=一路平安航空意外险, productCode=060a, price=4.97, productTag=, loginIp=113.16.60.54, orderIndex=, company=1, isHot=true, status=1}', '113.16.60.54', '添加保险产品', null, '2018-04-11 10:29:38');
INSERT INTO `i_log` VALUES ('3184', '匿名操作', '0', '/bxsc/bx/pd/add', 'com.xe.demo.controller.BXProductsController.add()', '{brief=给家人一份安心和承诺，覆盖全球所有航班, product=2, url_4=https://mtest.sinosafe.com.cn/micro-plat/app/policy-common-comp-page.html?productId=060a_hkyw&isMulti=1&extenterpCode=0105100748&issueChannel=4, saleTotal=1, url_2=https://mtest.sinosafe.com.cn/micro-plat/app/policy-common-comp-page.html?productId=060a_hkyw&isMulti=1&extenterpCode=0105100748&issueChannel=4, pic_1_hidden=/upload/c6a74685-2e86-4476-990b-c7a04b2d21b8.jpg, url_3=https://mtest.sinosafe.com.cn/micro-plat/app/policy-common-comp-page.html?productId=060a_hkyw&isMulti=1&extenterpCode=0105100748&issueChannel=4, pic_2_hidden=/upload/883c47f7-736b-4595-a5ad-cfc92338ca3e.jpg, url_1=https://mtest.sinosafe.com.cn/micro-plat/app/policy-common-comp-page.html?productId=060a_hkyw&isMulti=1&extenterpCode=0105100748&issueChannel=4, productName=一路平安航空意外险, productCode=060a, price=4.97, productTag=, loginIp=113.16.60.54, orderIndex=, company=1, isHot=true, status=1}', '113.16.60.54', '添加保险产品', null, '2018-04-11 10:29:38');
INSERT INTO `i_log` VALUES ('3185', '匿名操作', '0', '/bxsc/bx/pd/add', 'com.xe.demo.controller.BXProductsController.add()', '{brief=给家人一份安心和承诺，覆盖全球所有航班, product=2, url_4=https://mtest.sinosafe.com.cn/micro-plat/app/policy-common-comp-page.html?productId=060a_hkyw&isMulti=1&extenterpCode=0105100748&issueChannel=4, saleTotal=1, url_2=https://mtest.sinosafe.com.cn/micro-plat/app/policy-common-comp-page.html?productId=060a_hkyw&isMulti=1&extenterpCode=0105100748&issueChannel=4, pic_1_hidden=/upload/c6a74685-2e86-4476-990b-c7a04b2d21b8.jpg, url_3=https://mtest.sinosafe.com.cn/micro-plat/app/policy-common-comp-page.html?productId=060a_hkyw&isMulti=1&extenterpCode=0105100748&issueChannel=4, pic_2_hidden=/upload/883c47f7-736b-4595-a5ad-cfc92338ca3e.jpg, url_1=https://mtest.sinosafe.com.cn/micro-plat/app/policy-common-comp-page.html?productId=060a_hkyw&isMulti=1&extenterpCode=0105100748&issueChannel=4, productName=一路平安航空意外险, productCode=060a, price=4.97, productTag=, loginIp=113.16.60.54, orderIndex=, company=1, isHot=true, status=1}', '113.16.60.54', '添加保险产品', null, '2018-04-11 10:29:38');
INSERT INTO `i_log` VALUES ('3186', '匿名操作', '0', '/bxsc/bx/pd/add', 'com.xe.demo.controller.BXProductsController.add()', '{brief=给家人一份安心和承诺，覆盖全球所有航班, product=2, url_4=https://mtest.sinosafe.com.cn/micro-plat/app/policy-common-comp-page.html?productId=060a_hkyw&isMulti=1&extenterpCode=0105100748&issueChannel=4, saleTotal=1, url_2=https://mtest.sinosafe.com.cn/micro-plat/app/policy-common-comp-page.html?productId=060a_hkyw&isMulti=1&extenterpCode=0105100748&issueChannel=4, pic_1_hidden=/upload/c6a74685-2e86-4476-990b-c7a04b2d21b8.jpg, url_3=https://mtest.sinosafe.com.cn/micro-plat/app/policy-common-comp-page.html?productId=060a_hkyw&isMulti=1&extenterpCode=0105100748&issueChannel=4, pic_2_hidden=/upload/883c47f7-736b-4595-a5ad-cfc92338ca3e.jpg, url_1=https://mtest.sinosafe.com.cn/micro-plat/app/policy-common-comp-page.html?productId=060a_hkyw&isMulti=1&extenterpCode=0105100748&issueChannel=4, productName=一路平安航空意外险, productCode=060a, price=4.97, productTag=, loginIp=113.16.60.54, orderIndex=, company=1, isHot=true, status=1}', '113.16.60.54', '添加保险产品', null, '2018-04-11 10:29:39');
INSERT INTO `i_log` VALUES ('3187', '匿名操作', '0', '/bxsc/bx/pd/add', 'com.xe.demo.controller.BXProductsController.add()', '{brief=给家人一份安心和承诺，覆盖全球所有航班, product=2, url_4=https://mtest.sinosafe.com.cn/micro-plat/app/policy-common-comp-page.html?productId=060a_hkyw&isMulti=1&extenterpCode=0105100748&issueChannel=4, saleTotal=1, url_2=https://mtest.sinosafe.com.cn/micro-plat/app/policy-common-comp-page.html?productId=060a_hkyw&isMulti=1&extenterpCode=0105100748&issueChannel=4, pic_1_hidden=/upload/c6a74685-2e86-4476-990b-c7a04b2d21b8.jpg, url_3=https://mtest.sinosafe.com.cn/micro-plat/app/policy-common-comp-page.html?productId=060a_hkyw&isMulti=1&extenterpCode=0105100748&issueChannel=4, pic_2_hidden=/upload/883c47f7-736b-4595-a5ad-cfc92338ca3e.jpg, url_1=https://mtest.sinosafe.com.cn/micro-plat/app/policy-common-comp-page.html?productId=060a_hkyw&isMulti=1&extenterpCode=0105100748&issueChannel=4, productName=一路平安航空意外险, productCode=060a, price=4.97, productTag=, loginIp=113.16.60.54, orderIndex=, company=1, isHot=true, status=1}', '113.16.60.54', '添加保险产品', null, '2018-04-11 10:29:40');
INSERT INTO `i_log` VALUES ('3188', '匿名操作', '0', '/bxsc/bx/pd/add', 'com.xe.demo.controller.BXProductsController.add()', '{brief=给家人一份安心和承诺，覆盖全球所有航班, product=2, url_4=https://mtest.sinosafe.com.cn/micro-plat/app/policy-common-comp-page.html?productId=060a_hkyw&isMulti=1&extenterpCode=0105100748&issueChannel=4, saleTotal=1, url_2=https://mtest.sinosafe.com.cn/micro-plat/app/policy-common-comp-page.html?productId=060a_hkyw&isMulti=1&extenterpCode=0105100748&issueChannel=4, pic_1_hidden=/upload/c6a74685-2e86-4476-990b-c7a04b2d21b8.jpg, url_3=https://mtest.sinosafe.com.cn/micro-plat/app/policy-common-comp-page.html?productId=060a_hkyw&isMulti=1&extenterpCode=0105100748&issueChannel=4, pic_2_hidden=/upload/883c47f7-736b-4595-a5ad-cfc92338ca3e.jpg, url_1=https://mtest.sinosafe.com.cn/micro-plat/app/policy-common-comp-page.html?productId=060a_hkyw&isMulti=1&extenterpCode=0105100748&issueChannel=4, productName=一路平安航空意外险, productCode=060a, price=4.97, productTag=, loginIp=113.16.60.54, orderIndex=, company=1, isHot=true, status=1}', '113.16.60.54', '添加保险产品', null, '2018-04-11 10:29:40');
INSERT INTO `i_log` VALUES ('3189', '匿名操作', '0', '/bxsc/bx/pd/add', 'com.xe.demo.controller.BXProductsController.add()', '{brief=给家人一份安心和承诺，覆盖全球所有航班, product=2, url_4=https://mtest.sinosafe.com.cn/micro-plat/app/policy-common-comp-page.html?productId=060a_hkyw&isMulti=1&extenterpCode=0105100748&issueChannel=4, saleTotal=1, url_2=https://mtest.sinosafe.com.cn/micro-plat/app/policy-common-comp-page.html?productId=060a_hkyw&isMulti=1&extenterpCode=0105100748&issueChannel=4, pic_1_hidden=/upload/c6a74685-2e86-4476-990b-c7a04b2d21b8.jpg, url_3=https://mtest.sinosafe.com.cn/micro-plat/app/policy-common-comp-page.html?productId=060a_hkyw&isMulti=1&extenterpCode=0105100748&issueChannel=4, pic_2_hidden=/upload/883c47f7-736b-4595-a5ad-cfc92338ca3e.jpg, url_1=https://mtest.sinosafe.com.cn/micro-plat/app/policy-common-comp-page.html?productId=060a_hkyw&isMulti=1&extenterpCode=0105100748&issueChannel=4, productName=一路平安航空意外险, productCode=060a, price=4.97, productTag=, loginIp=113.16.60.54, orderIndex=, company=1, isHot=true, status=1}', '113.16.60.54', '添加保险产品', null, '2018-04-11 10:29:40');
INSERT INTO `i_log` VALUES ('3190', '匿名操作', '0', '/bxsc/bx/pd/add', 'com.xe.demo.controller.BXProductsController.add()', '{brief=给家人一份安心和承诺，覆盖全球所有航班, product=2, url_4=https://mtest.sinosafe.com.cn/micro-plat/app/policy-common-comp-page.html?productId=060a_hkyw&isMulti=1&extenterpCode=0105100748&issueChannel=4, saleTotal=1, url_2=https://mtest.sinosafe.com.cn/micro-plat/app/policy-common-comp-page.html?productId=060a_hkyw&isMulti=1&extenterpCode=0105100748&issueChannel=4, pic_1_hidden=/upload/c6a74685-2e86-4476-990b-c7a04b2d21b8.jpg, url_3=https://mtest.sinosafe.com.cn/micro-plat/app/policy-common-comp-page.html?productId=060a_hkyw&isMulti=1&extenterpCode=0105100748&issueChannel=4, pic_2_hidden=/upload/883c47f7-736b-4595-a5ad-cfc92338ca3e.jpg, url_1=https://mtest.sinosafe.com.cn/micro-plat/app/policy-common-comp-page.html?productId=060a_hkyw&isMulti=1&extenterpCode=0105100748&issueChannel=4, productName=一路平安航空意外险, productCode=060a, price=4.97, productTag=, loginIp=113.16.60.54, orderIndex=, company=1, isHot=true, status=1}', '113.16.60.54', '添加保险产品', null, '2018-04-11 10:29:40');
INSERT INTO `i_log` VALUES ('3191', '匿名操作', '0', '/bxsc/bx/pd/add', 'com.xe.demo.controller.BXProductsController.add()', '{brief=给家人一份安心和承诺，覆盖全球所有航班, product=2, url_4=https://mtest.sinosafe.com.cn/micro-plat/app/policy-common-comp-page.html?productId=060a_hkyw&isMulti=1&extenterpCode=0105100748&issueChannel=4, saleTotal=1, url_2=https://mtest.sinosafe.com.cn/micro-plat/app/policy-common-comp-page.html?productId=060a_hkyw&isMulti=1&extenterpCode=0105100748&issueChannel=4, pic_1_hidden=/upload/c6a74685-2e86-4476-990b-c7a04b2d21b8.jpg, url_3=https://mtest.sinosafe.com.cn/micro-plat/app/policy-common-comp-page.html?productId=060a_hkyw&isMulti=1&extenterpCode=0105100748&issueChannel=4, pic_2_hidden=/upload/883c47f7-736b-4595-a5ad-cfc92338ca3e.jpg, url_1=https://mtest.sinosafe.com.cn/micro-plat/app/policy-common-comp-page.html?productId=060a_hkyw&isMulti=1&extenterpCode=0105100748&issueChannel=4, productName=一路平安航空意外险, productCode=060a, price=4.97, productTag=, loginIp=113.16.60.54, orderIndex=, company=1, isHot=true, status=1}', '113.16.60.54', '添加保险产品', null, '2018-04-11 10:29:40');
INSERT INTO `i_log` VALUES ('3192', '匿名操作', '0', '/bxsc/bx/pd/add', 'com.xe.demo.controller.BXProductsController.add()', '{brief=给家人一份安心和承诺，覆盖全球所有航班, product=2, url_4=https://mtest.sinosafe.com.cn/micro-plat/app/policy-common-comp-page.html?productId=060a_hkyw&isMulti=1&extenterpCode=0105100748&issueChannel=4, saleTotal=1, url_2=https://mtest.sinosafe.com.cn/micro-plat/app/policy-common-comp-page.html?productId=060a_hkyw&isMulti=1&extenterpCode=0105100748&issueChannel=4, pic_1_hidden=/upload/c6a74685-2e86-4476-990b-c7a04b2d21b8.jpg, url_3=https://mtest.sinosafe.com.cn/micro-plat/app/policy-common-comp-page.html?productId=060a_hkyw&isMulti=1&extenterpCode=0105100748&issueChannel=4, pic_2_hidden=/upload/883c47f7-736b-4595-a5ad-cfc92338ca3e.jpg, url_1=https://mtest.sinosafe.com.cn/micro-plat/app/policy-common-comp-page.html?productId=060a_hkyw&isMulti=1&extenterpCode=0105100748&issueChannel=4, productName=一路平安航空意外险, productCode=060a, price=4.97, productTag=, loginIp=113.16.60.54, orderIndex=, company=1, isHot=true, status=1}', '113.16.60.54', '添加保险产品', null, '2018-04-11 10:29:41');
INSERT INTO `i_log` VALUES ('3193', '匿名操作', '0', '/bxsc/bx/pd/add', 'com.xe.demo.controller.BXProductsController.add()', '{brief=给家人一份安心和承诺，覆盖全球所有航班, product=2, url_4=https://mtest.sinosafe.com.cn/micro-plat/app/policy-common-comp-page.html?productId=060a_hkyw&isMulti=1&extenterpCode=0105100748&issueChannel=4, saleTotal=1, url_2=https://mtest.sinosafe.com.cn/micro-plat/app/policy-common-comp-page.html?productId=060a_hkyw&isMulti=1&extenterpCode=0105100748&issueChannel=4, pic_1_hidden=/upload/c6a74685-2e86-4476-990b-c7a04b2d21b8.jpg, url_3=https://mtest.sinosafe.com.cn/micro-plat/app/policy-common-comp-page.html?productId=060a_hkyw&isMulti=1&extenterpCode=0105100748&issueChannel=4, pic_2_hidden=/upload/883c47f7-736b-4595-a5ad-cfc92338ca3e.jpg, url_1=https://mtest.sinosafe.com.cn/micro-plat/app/policy-common-comp-page.html?productId=060a_hkyw&isMulti=1&extenterpCode=0105100748&issueChannel=4, productName=一路平安航空意外险, productCode=060a, price=4.97, productTag=, loginIp=113.16.60.54, orderIndex=, company=1, isHot=true, status=1}', '113.16.60.54', '添加保险产品', null, '2018-04-11 10:29:42');
INSERT INTO `i_log` VALUES ('3194', '匿名操作', '0', '/bxsc/bx/pd/add', 'com.xe.demo.controller.BXProductsController.add()', '{brief=给家人一份安心和承诺，覆盖全球所有航班, product=2, url_4=https://mtest.sinosafe.com.cn/micro-plat/app/policy-common-comp-page.html?productId=060a_hkyw&isMulti=1&extenterpCode=0105100748&issueChannel=4, saleTotal=1, url_2=https://mtest.sinosafe.com.cn/micro-plat/app/policy-common-comp-page.html?productId=060a_hkyw&isMulti=1&extenterpCode=0105100748&issueChannel=4, pic_1_hidden=/upload/c6a74685-2e86-4476-990b-c7a04b2d21b8.jpg, url_3=https://mtest.sinosafe.com.cn/micro-plat/app/policy-common-comp-page.html?productId=060a_hkyw&isMulti=1&extenterpCode=0105100748&issueChannel=4, pic_2_hidden=/upload/883c47f7-736b-4595-a5ad-cfc92338ca3e.jpg, url_1=https://mtest.sinosafe.com.cn/micro-plat/app/policy-common-comp-page.html?productId=060a_hkyw&isMulti=1&extenterpCode=0105100748&issueChannel=4, productName=一路平安航空意外险, productCode=060a, price=4.97, productTag=, loginIp=113.16.60.54, orderIndex=, company=1, isHot=true, status=1}', '113.16.60.54', '添加保险产品', null, '2018-04-11 10:29:42');
INSERT INTO `i_log` VALUES ('3195', '匿名操作', '0', '/bxsc/bx/pd/add', 'com.xe.demo.controller.BXProductsController.add()', '{brief=给家人一份安心和承诺，覆盖全球所有航班, product=2, url_4=https://mtest.sinosafe.com.cn/micro-plat/app/policy-common-comp-page.html?productId=060a_hkyw&isMulti=1&extenterpCode=0105100748&issueChannel=4, saleTotal=1, url_2=https://mtest.sinosafe.com.cn/micro-plat/app/policy-common-comp-page.html?productId=060a_hkyw&isMulti=1&extenterpCode=0105100748&issueChannel=4, pic_1_hidden=/upload/c6a74685-2e86-4476-990b-c7a04b2d21b8.jpg, url_3=https://mtest.sinosafe.com.cn/micro-plat/app/policy-common-comp-page.html?productId=060a_hkyw&isMulti=1&extenterpCode=0105100748&issueChannel=4, pic_2_hidden=/upload/883c47f7-736b-4595-a5ad-cfc92338ca3e.jpg, url_1=https://mtest.sinosafe.com.cn/micro-plat/app/policy-common-comp-page.html?productId=060a_hkyw&isMulti=1&extenterpCode=0105100748&issueChannel=4, productName=一路平安航空意外险, productCode=060a, price=4.97, productTag=, loginIp=113.16.60.54, orderIndex=, company=1, isHot=true, status=1}', '113.16.60.54', '添加保险产品', null, '2018-04-11 10:29:42');
INSERT INTO `i_log` VALUES ('3196', '匿名操作', '0', '/bxsc/bx/pd/add', 'com.xe.demo.controller.BXProductsController.add()', '{brief=给家人一份安心和承诺，覆盖全球所有航班, product=2, url_4=https://mtest.sinosafe.com.cn/micro-plat/app/policy-common-comp-page.html?productId=060a_hkyw&isMulti=1&extenterpCode=0105100748&issueChannel=4, saleTotal=1, url_2=https://mtest.sinosafe.com.cn/micro-plat/app/policy-common-comp-page.html?productId=060a_hkyw&isMulti=1&extenterpCode=0105100748&issueChannel=4, pic_1_hidden=/upload/c6a74685-2e86-4476-990b-c7a04b2d21b8.jpg, url_3=https://mtest.sinosafe.com.cn/micro-plat/app/policy-common-comp-page.html?productId=060a_hkyw&isMulti=1&extenterpCode=0105100748&issueChannel=4, pic_2_hidden=/upload/883c47f7-736b-4595-a5ad-cfc92338ca3e.jpg, url_1=https://mtest.sinosafe.com.cn/micro-plat/app/policy-common-comp-page.html?productId=060a_hkyw&isMulti=1&extenterpCode=0105100748&issueChannel=4, productName=一路平安航空意外险, productCode=060a, price=4.97, productTag=, loginIp=113.16.60.54, orderIndex=, company=1, isHot=true, status=1}', '113.16.60.54', '添加保险产品', null, '2018-04-11 10:29:42');
INSERT INTO `i_log` VALUES ('3197', '匿名操作', '0', '/bxsc/bx/pd/add', 'com.xe.demo.controller.BXProductsController.add()', '{brief=给家人一份安心和承诺，覆盖全球所有航班, product=2, url_4=https://mtest.sinosafe.com.cn/micro-plat/app/policy-common-comp-page.html?productId=060a_hkyw&isMulti=1&extenterpCode=0105100748&issueChannel=4, saleTotal=1, url_2=https://mtest.sinosafe.com.cn/micro-plat/app/policy-common-comp-page.html?productId=060a_hkyw&isMulti=1&extenterpCode=0105100748&issueChannel=4, pic_1_hidden=/upload/c6a74685-2e86-4476-990b-c7a04b2d21b8.jpg, url_3=https://mtest.sinosafe.com.cn/micro-plat/app/policy-common-comp-page.html?productId=060a_hkyw&isMulti=1&extenterpCode=0105100748&issueChannel=4, pic_2_hidden=/upload/883c47f7-736b-4595-a5ad-cfc92338ca3e.jpg, url_1=https://mtest.sinosafe.com.cn/micro-plat/app/policy-common-comp-page.html?productId=060a_hkyw&isMulti=1&extenterpCode=0105100748&issueChannel=4, productName=一路平安航空意外险, productCode=060a, price=4.97, productTag=, loginIp=113.16.60.54, orderIndex=, company=1, isHot=true, status=1}', '113.16.60.54', '添加保险产品', null, '2018-04-11 10:29:42');
INSERT INTO `i_log` VALUES ('3198', '匿名操作', '0', '/bxsc/bx/pd/add', 'com.xe.demo.controller.BXProductsController.add()', '{brief=给家人一份安心和承诺，覆盖全球所有航班, product=2, url_4=https://mtest.sinosafe.com.cn/micro-plat/app/policy-common-comp-page.html?productId=060a_hkyw&isMulti=1&extenterpCode=0105100748&issueChannel=4, saleTotal=1, url_2=https://mtest.sinosafe.com.cn/micro-plat/app/policy-common-comp-page.html?productId=060a_hkyw&isMulti=1&extenterpCode=0105100748&issueChannel=4, pic_1_hidden=/upload/c6a74685-2e86-4476-990b-c7a04b2d21b8.jpg, url_3=https://mtest.sinosafe.com.cn/micro-plat/app/policy-common-comp-page.html?productId=060a_hkyw&isMulti=1&extenterpCode=0105100748&issueChannel=4, pic_2_hidden=/upload/883c47f7-736b-4595-a5ad-cfc92338ca3e.jpg, url_1=https://mtest.sinosafe.com.cn/micro-plat/app/policy-common-comp-page.html?productId=060a_hkyw&isMulti=1&extenterpCode=0105100748&issueChannel=4, productName=一路平安航空意外险, productCode=060a, price=4.97, productTag=, loginIp=113.16.60.54, orderIndex=, company=1, isHot=true, status=1}', '113.16.60.54', '添加保险产品', null, '2018-04-11 10:29:43');
INSERT INTO `i_log` VALUES ('3199', '匿名操作', '0', '/bxsc/bx/pd/add', 'com.xe.demo.controller.BXProductsController.add()', '{brief=给家人一份安心和承诺，覆盖全球所有航班, product=2, url_4=https://mtest.sinosafe.com.cn/micro-plat/app/policy-common-comp-page.html?productId=060a_hkyw&isMulti=1&extenterpCode=0105100748&issueChannel=4, saleTotal=1, url_2=https://mtest.sinosafe.com.cn/micro-plat/app/policy-common-comp-page.html?productId=060a_hkyw&isMulti=1&extenterpCode=0105100748&issueChannel=4, pic_1_hidden=/upload/c6a74685-2e86-4476-990b-c7a04b2d21b8.jpg, url_3=https://mtest.sinosafe.com.cn/micro-plat/app/policy-common-comp-page.html?productId=060a_hkyw&isMulti=1&extenterpCode=0105100748&issueChannel=4, pic_2_hidden=/upload/883c47f7-736b-4595-a5ad-cfc92338ca3e.jpg, url_1=https://mtest.sinosafe.com.cn/micro-plat/app/policy-common-comp-page.html?productId=060a_hkyw&isMulti=1&extenterpCode=0105100748&issueChannel=4, productName=一路平安航空意外险, productCode=060a, price=4.97, productTag=, loginIp=113.16.60.54, orderIndex=, company=1, isHot=true, status=1}', '113.16.60.54', '添加保险产品', null, '2018-04-11 10:31:06');
INSERT INTO `i_log` VALUES ('3200', '匿名操作', '0', '/bxsc/bx/pd/add', 'com.xe.demo.controller.BXProductsController.add()', '{brief=给家人一份安心和承诺，覆盖全球所有航班, product=2, url_4=https://mtest.sinosafe.com.cn/micro-plat/app/policy-common-comp-page.html?productId=060a_hkyw&isMulti=1&extenterpCode=0105100748&issueChannel=4, saleTotal=1, url_2=https://mtest.sinosafe.com.cn/micro-plat/app/policy-common-comp-page.html?productId=060a_hkyw&isMulti=1&extenterpCode=0105100748&issueChannel=4, pic_1_hidden=/upload/c6a74685-2e86-4476-990b-c7a04b2d21b8.jpg, url_3=https://mtest.sinosafe.com.cn/micro-plat/app/policy-common-comp-page.html?productId=060a_hkyw&isMulti=1&extenterpCode=0105100748&issueChannel=4, pic_2_hidden=/upload/883c47f7-736b-4595-a5ad-cfc92338ca3e.jpg, url_1=https://mtest.sinosafe.com.cn/micro-plat/app/policy-common-comp-page.html?productId=060a_hkyw&isMulti=1&extenterpCode=0105100748&issueChannel=4, productName=一路平安航空意外险, productCode=060a, price=4.97, productTag=, loginIp=113.16.60.54, orderIndex=, company=1, isHot=true, status=1}', '113.16.60.54', '添加保险产品', null, '2018-04-11 10:31:06');
INSERT INTO `i_log` VALUES ('3201', '匿名操作', '0', '/bxsc/bx/pd/add', 'com.xe.demo.controller.BXProductsController.add()', '{brief=给家人一份安心和承诺，覆盖全球所有航班, product=2, url_4=https://mtest.sinosafe.com.cn/micro-plat/app/policy-common-comp-page.html?productId=060a_hkyw&isMulti=1&extenterpCode=0105100748&issueChannel=4, saleTotal=1, url_2=https://mtest.sinosafe.com.cn/micro-plat/app/policy-common-comp-page.html?productId=060a_hkyw&isMulti=1&extenterpCode=0105100748&issueChannel=4, pic_1_hidden=/upload/c6a74685-2e86-4476-990b-c7a04b2d21b8.jpg, url_3=https://mtest.sinosafe.com.cn/micro-plat/app/policy-common-comp-page.html?productId=060a_hkyw&isMulti=1&extenterpCode=0105100748&issueChannel=4, pic_2_hidden=/upload/883c47f7-736b-4595-a5ad-cfc92338ca3e.jpg, url_1=https://mtest.sinosafe.com.cn/micro-plat/app/policy-common-comp-page.html?productId=060a_hkyw&isMulti=1&extenterpCode=0105100748&issueChannel=4, productName=一路平安航空意外险, productCode=060a, price=4.97, productTag=, loginIp=113.16.60.54, orderIndex=, company=1, isHot=true, status=1}', '113.16.60.54', '添加保险产品', null, '2018-04-11 10:31:07');
INSERT INTO `i_log` VALUES ('3202', '匿名操作', '0', '/bxsc/bx/pd/add', 'com.xe.demo.controller.BXProductsController.add()', '{brief=给家人一份安心和承诺，覆盖全球所有航班, product=2, url_4=https://mtest.sinosafe.com.cn/micro-plat/app/policy-common-comp-page.html?productId=060a_hkyw&isMulti=1&extenterpCode=0105100748&issueChannel=4, saleTotal=1, url_2=https://mtest.sinosafe.com.cn/micro-plat/app/policy-common-comp-page.html?productId=060a_hkyw&isMulti=1&extenterpCode=0105100748&issueChannel=4, pic_1_hidden=/upload/c6a74685-2e86-4476-990b-c7a04b2d21b8.jpg, url_3=https://mtest.sinosafe.com.cn/micro-plat/app/policy-common-comp-page.html?productId=060a_hkyw&isMulti=1&extenterpCode=0105100748&issueChannel=4, pic_2_hidden=/upload/883c47f7-736b-4595-a5ad-cfc92338ca3e.jpg, url_1=https://mtest.sinosafe.com.cn/micro-plat/app/policy-common-comp-page.html?productId=060a_hkyw&isMulti=1&extenterpCode=0105100748&issueChannel=4, productName=一路平安航空意外险, productCode=060a, price=4.97, productTag=, loginIp=113.16.60.54, orderIndex=, company=1, isHot=true, status=0}', '113.16.60.54', '添加保险产品', null, '2018-04-11 10:31:09');
INSERT INTO `i_log` VALUES ('3203', '匿名操作', '0', '/bxsc/bx/pd/add', 'com.xe.demo.controller.BXProductsController.add()', '{brief=给家人一份安心和承诺，覆盖全球所有航班, product=2, url_4=https://mtest.sinosafe.com.cn/micro-plat/app/policy-common-comp-page.html?productId=060a_hkyw&isMulti=1&extenterpCode=0105100748&issueChannel=4, saleTotal=1, url_2=https://mtest.sinosafe.com.cn/micro-plat/app/policy-common-comp-page.html?productId=060a_hkyw&isMulti=1&extenterpCode=0105100748&issueChannel=4, pic_1_hidden=/upload/c6a74685-2e86-4476-990b-c7a04b2d21b8.jpg, url_3=https://mtest.sinosafe.com.cn/micro-plat/app/policy-common-comp-page.html?productId=060a_hkyw&isMulti=1&extenterpCode=0105100748&issueChannel=4, pic_2_hidden=/upload/883c47f7-736b-4595-a5ad-cfc92338ca3e.jpg, url_1=https://mtest.sinosafe.com.cn/micro-plat/app/policy-common-comp-page.html?productId=060a_hkyw&isMulti=1&extenterpCode=0105100748&issueChannel=4, productName=一路平安航空意外险, productCode=060a, price=4.97, productTag=, loginIp=113.16.60.54, orderIndex=, company=1, isHot=true, status=0}', '113.16.60.54', '添加保险产品', null, '2018-04-11 10:31:09');
INSERT INTO `i_log` VALUES ('3204', '匿名操作', '0', '/bxsc/bx/pd/add', 'com.xe.demo.controller.BXProductsController.add()', '{brief=给家人一份安心和承诺，覆盖全球所有航班, product=2, url_4=https://mtest.sinosafe.com.cn/micro-plat/app/policy-common-comp-page.html?productId=060a_hkyw&isMulti=1&extenterpCode=0105100748&issueChannel=4, saleTotal=1, url_2=https://mtest.sinosafe.com.cn/micro-plat/app/policy-common-comp-page.html?productId=060a_hkyw&isMulti=1&extenterpCode=0105100748&issueChannel=4, pic_1_hidden=/upload/c6a74685-2e86-4476-990b-c7a04b2d21b8.jpg, url_3=https://mtest.sinosafe.com.cn/micro-plat/app/policy-common-comp-page.html?productId=060a_hkyw&isMulti=1&extenterpCode=0105100748&issueChannel=4, pic_2_hidden=/upload/883c47f7-736b-4595-a5ad-cfc92338ca3e.jpg, url_1=https://mtest.sinosafe.com.cn/micro-plat/app/policy-common-comp-page.html?productId=060a_hkyw&isMulti=1&extenterpCode=0105100748&issueChannel=4, productName=一路平安航空意外险, productCode=060a, price=4.97, productTag=, loginIp=113.16.60.54, orderIndex=, company=1, isHot=true, status=0}', '113.16.60.54', '添加保险产品', null, '2018-04-11 10:31:10');
INSERT INTO `i_log` VALUES ('3205', '匿名操作', '0', '/bxsc/bx/pd/add', 'com.xe.demo.controller.BXProductsController.add()', '{brief=给家人一份安心和承诺，覆盖全球所有航班, product=2, url_4=https://mtest.sinosafe.com.cn/micro-plat/app/policy-common-comp-page.html?productId=060a_hkyw&isMulti=1&extenterpCode=0105100748&issueChannel=4, saleTotal=1, url_2=https://mtest.sinosafe.com.cn/micro-plat/app/policy-common-comp-page.html?productId=060a_hkyw&isMulti=1&extenterpCode=0105100748&issueChannel=4, pic_1_hidden=/upload/c6a74685-2e86-4476-990b-c7a04b2d21b8.jpg, url_3=https://mtest.sinosafe.com.cn/micro-plat/app/policy-common-comp-page.html?productId=060a_hkyw&isMulti=1&extenterpCode=0105100748&issueChannel=4, pic_2_hidden=/upload/883c47f7-736b-4595-a5ad-cfc92338ca3e.jpg, url_1=https://mtest.sinosafe.com.cn/micro-plat/app/policy-common-comp-page.html?productId=060a_hkyw&isMulti=1&extenterpCode=0105100748&issueChannel=4, productName=一路平安航空意外险, productCode=060a, price=4.97, productTag=, loginIp=113.16.60.54, orderIndex=, company=1, isHot=true, status=0}', '113.16.60.54', '添加保险产品', null, '2018-04-11 10:31:10');
INSERT INTO `i_log` VALUES ('3206', '匿名操作', '0', '/bxsc/bx/pd/add', 'com.xe.demo.controller.BXProductsController.add()', '{brief=给家人一份安心和承诺，覆盖全球所有航班, product=2, url_4=https://mtest.sinosafe.com.cn/micro-plat/app/policy-common-comp-page.html?productId=060a_hkyw&isMulti=1&extenterpCode=0105100748&issueChannel=4, saleTotal=1, url_2=https://mtest.sinosafe.com.cn/micro-plat/app/policy-common-comp-page.html?productId=060a_hkyw&isMulti=1&extenterpCode=0105100748&issueChannel=4, pic_1_hidden=/upload/c6a74685-2e86-4476-990b-c7a04b2d21b8.jpg, url_3=https://mtest.sinosafe.com.cn/micro-plat/app/policy-common-comp-page.html?productId=060a_hkyw&isMulti=1&extenterpCode=0105100748&issueChannel=4, pic_2_hidden=/upload/883c47f7-736b-4595-a5ad-cfc92338ca3e.jpg, url_1=https://mtest.sinosafe.com.cn/micro-plat/app/policy-common-comp-page.html?productId=060a_hkyw&isMulti=1&extenterpCode=0105100748&issueChannel=4, productName=一路平安航空意外险, productCode=060a, price=4.97, productTag=d, loginIp=113.16.60.54, orderIndex=, company=1, isHot=true, status=0}', '113.16.60.54', '添加保险产品', null, '2018-04-11 10:31:22');
INSERT INTO `i_log` VALUES ('3207', '匿名操作', '0', '/bxsc/bx/pd/add', 'com.xe.demo.controller.BXProductsController.add()', '{brief=给家人一份安心和承诺，覆盖全球所有航班, product=2, url_4=https://mtest.sinosafe.com.cn/micro-plat/app/policy-common-comp-page.html?productId=060a_hkyw&isMulti=1&extenterpCode=0105100748&issueChannel=4, saleTotal=1, url_2=https://mtest.sinosafe.com.cn/micro-plat/app/policy-common-comp-page.html?productId=060a_hkyw&isMulti=1&extenterpCode=0105100748&issueChannel=4, pic_1_hidden=/upload/c6a74685-2e86-4476-990b-c7a04b2d21b8.jpg, url_3=https://mtest.sinosafe.com.cn/micro-plat/app/policy-common-comp-page.html?productId=060a_hkyw&isMulti=1&extenterpCode=0105100748&issueChannel=4, pic_2_hidden=/upload/883c47f7-736b-4595-a5ad-cfc92338ca3e.jpg, url_1=https://mtest.sinosafe.com.cn/micro-plat/app/policy-common-comp-page.html?productId=060a_hkyw&isMulti=1&extenterpCode=0105100748&issueChannel=4, productName=一路平安航空意外险, productCode=060a, price=4.97, productTag=d, loginIp=113.16.60.54, orderIndex=, company=1, isHot=true, status=0}', '113.16.60.54', '添加保险产品', null, '2018-04-11 10:31:23');
INSERT INTO `i_log` VALUES ('3208', '匿名操作', '0', '/bxsc/bx/pd/add', 'com.xe.demo.controller.BXProductsController.add()', '{brief=给家人一份安心和承诺，覆盖全球所有航班, product=2, url_4=https://mtest.sinosafe.com.cn/micro-plat/app/policy-common-comp-page.html?productId=060a_hkyw&isMulti=1&extenterpCode=0105100748&issueChannel=4, saleTotal=1, url_2=https://mtest.sinosafe.com.cn/micro-plat/app/policy-common-comp-page.html?productId=060a_hkyw&isMulti=1&extenterpCode=0105100748&issueChannel=4, pic_1_hidden=/upload/c6a74685-2e86-4476-990b-c7a04b2d21b8.jpg, url_3=https://mtest.sinosafe.com.cn/micro-plat/app/policy-common-comp-page.html?productId=060a_hkyw&isMulti=1&extenterpCode=0105100748&issueChannel=4, pic_2_hidden=/upload/883c47f7-736b-4595-a5ad-cfc92338ca3e.jpg, url_1=https://mtest.sinosafe.com.cn/micro-plat/app/policy-common-comp-page.html?productId=060a_hkyw&isMulti=1&extenterpCode=0105100748&issueChannel=4, productName=一路平安航空意外险, productCode=060a, price=4.97, productTag=, loginIp=113.16.60.54, orderIndex=3, company=1, isHot=true, status=0}', '113.16.60.54', '添加保险产品', null, '2018-04-11 10:31:28');
INSERT INTO `i_log` VALUES ('3209', '匿名操作', '0', '/bxsc/bx/pd/update', 'com.xe.demo.controller.BXProductsController.update()', '{brief=给家人一份安心和承诺，覆盖全球所有航班, product=2, url_4=https://mtest.sinosafe.com.cn/micro-plat/app/policy-common-comp-page.html?productId=060a_hkyw&isMulti=1&extenterpCode=0105100748&issueChannel=4, saleTotal=1, url_2=https://mtest.sinosafe.com.cn/micro-plat/app/policy-common-comp-page.html?productId=060a_hkyw&isMulti=1&extenterpCode=0105100748&issueChannel=4, pic_1_hidden=/upload/c6a74685-2e86-4476-990b-c7a04b2d21b8.jpg, url_3=https://mtest.sinosafe.com.cn/micro-plat/app/policy-common-comp-page.html?productId=060a_hkyw&isMulti=1&extenterpCode=0105100748&issueChannel=4, pic_2_hidden=/upload/883c47f7-736b-4595-a5ad-cfc92338ca3e.jpg, url_1=https://mtest.sinosafe.com.cn/micro-plat/app/policy-common-comp-page.html?productId=060a_hkyw&isMulti=1&extenterpCode=0105100748&issueChannel=4, productName=一路平安航空意外险, productCode=060a, price=4.97, productTag=, loginIp=113.16.60.54, orderIndex=3, company=1, id=4, isHot=true, status=1}', '113.16.60.54', '修改保险产品', null, '2018-04-11 10:34:36');
INSERT INTO `i_log` VALUES ('3210', '匿名操作', '0', '/bxsc/bx/pd/add', 'com.xe.demo.controller.BXProductsController.add()', '{brief=给自己或家人一份全方位的综合意外保障, product=2, url_4=https://m.sinosafe.com.cn/micro-plat/app/policy-common-comp-page.html?productId=0615_jab&isMulti=1&extenterpCode=0105100748&issueChannel=4, saleTotal=0, url_2=https://m.sinosafe.com.cn/micro-plat/app/policy-common-comp-page.html?productId=0615_jab&isMulti=1&extenterpCode=0105100748&issueChannel=4, pic_1_hidden=/upload/fc846588-60de-45aa-95f6-a738c5ffde96.jpg, url_3=https://m.sinosafe.com.cn/micro-plat/app/policy-common-comp-page.html?productId=0615_jab&isMulti=1&extenterpCode=0105100748&issueChannel=4, pic_2_hidden=/upload/817df2dc-3f07-4728-a412-d76da1e5edd5.jpg, url_1=https://m.sinosafe.com.cn/micro-plat/app/policy-common-comp-page.html?productId=0615_jab&isMulti=1&extenterpCode=0105100748&issueChannel=4, productName=“君安保”个人意外伤害保险, productCode=0615, price=100, productTag=, loginIp=113.16.60.54, orderIndex=5, company=1, status=1}', '113.16.60.54', '添加保险产品', null, '2018-04-11 10:45:34');
INSERT INTO `i_log` VALUES ('3211', '匿名操作', '0', '/bxsc/bx/pd/add', 'com.xe.demo.controller.BXProductsController.add()', '{brief=百万意外保障，不限社保，全面分担医疗费压力, product=2, url_4=https://m.sinosafe.com.cn/micro-plat/app/policy-common-comp-page.html?productId=06A9&isMulti=1&extenterpCode=0105100748&issueChannel=4, saleTotal=0, url_2=https://m.sinosafe.com.cn/micro-plat/app/policy-common-comp-page.html?productId=06A9&isMulti=1&extenterpCode=0105100748&issueChannel=4, pic_1_hidden=/upload/a6c70fa2-5336-482c-bbfa-d84bd0b8ee9e.jpg, url_3=https://m.sinosafe.com.cn/micro-plat/app/policy-common-comp-page.html?productId=06A9&isMulti=1&extenterpCode=0105100748&issueChannel=4, pic_2_hidden=/upload/5f62537c-02ef-48ba-957e-319474151d9e.jpg, url_1=https://m.sinosafe.com.cn/micro-plat/app/policy-common-comp-page.html?productId=06A9&isMulti=1&extenterpCode=0105100748&issueChannel=4, productName=“尊享人生”人身意外伤害综合保险, productCode=06A9, price=89, productTag=, loginIp=113.16.60.54, orderIndex=10, company=1, status=1}', '113.16.60.54', '添加保险产品', null, '2018-04-11 10:48:13');
INSERT INTO `i_log` VALUES ('3212', '匿名操作', '0', '/bxsc/bx/pd/add', 'com.xe.demo.controller.BXProductsController.add()', '{brief=, product=2, url_4=https://m.sinosafe.com.cn/micro-plat/app/policy-common-comp-page.html?productId=0615_ym&isMulti=1&extenterpCode=0105100748&issueChannel=4, saleTotal=0, url_2=https://m.sinosafe.com.cn/micro-plat/app/policy-common-comp-page.html?productId=0615_ym&isMulti=1&extenterpCode=0105100748&issueChannel=4, pic_1_hidden=/upload/d63c3c85-e682-4174-b18c-b54addd51fd9.jpg, url_3=https://m.sinosafe.com.cn/micro-plat/app/policy-common-comp-page.html?productId=0615_ym&isMulti=1&extenterpCode=0105100748&issueChannel=4, pic_2_hidden=/upload/8b80bc1a-e1b0-4251-93a8-7c4bee97c312.jpg, url_1=https://m.sinosafe.com.cn/micro-plat/app/policy-common-comp-page.html?productId=0615_ym&isMulti=1&extenterpCode=0105100748&issueChannel=4, productName=预防接种意外伤害险, productCode=0615, price=25, productTag=, loginIp=113.16.60.54, orderIndex=20, company=1, status=1}', '113.16.60.54', '添加保险产品', null, '2018-04-11 10:49:54');
INSERT INTO `i_log` VALUES ('3213', '匿名操作', '0', '/bxsc/bx/pd/add', 'com.xe.demo.controller.BXProductsController.add()', '{brief=学生人身意外伤害保险, product=2, url_4=https://m.sinosafe.com.cn/micro-plat/app/policy-common-comp-page.html?productId=0606_nngd&isMulti=1&extenterpCode=0105100748&issueChannel=4, saleTotal=0, url_2=https://m.sinosafe.com.cn/micro-plat/app/policy-common-comp-page.html?productId=0606_nngd&isMulti=1&extenterpCode=0105100748&issueChannel=4, pic_1_hidden=/upload/7b466639-ecb1-4ecd-9639-bda65e7b7bf1.jpg, url_3=https://m.sinosafe.com.cn/micro-plat/app/policy-common-comp-page.html?productId=0606_nngd&isMulti=1&extenterpCode=0105100748&issueChannel=4, pic_2_hidden=/upload/d665686c-46b0-42b8-8ecb-5c39f4d61c63.jpg, url_1=https://m.sinosafe.com.cn/micro-plat/app/policy-common-comp-page.html?productId=0606_nngd&isMulti=1&extenterpCode=0105100748&issueChannel=4, productName=学生险, productCode=0606, price=100, productTag=, loginIp=113.16.60.54, orderIndex=20, company=1, status=1}', '113.16.60.54', '添加保险产品', null, '2018-04-11 10:51:48');
INSERT INTO `i_log` VALUES ('3214', '匿名操作', '0', '/bxsc/bx/pd/update', 'com.xe.demo.controller.BXProductsController.update()', '{brief=学生人身意外伤害保险, product=2, url_4=https://m.sinosafe.com.cn/micro-plat/app/policy-common-comp-page.html?productId=0606_nngd&isMulti=1&extenterpCode=0105100748&issueChannel=4, saleTotal=0, url_2=https://m.sinosafe.com.cn/micro-plat/app/policy-common-comp-page.html?productId=0606_nngd&isMulti=1&extenterpCode=0105100748&issueChannel=4, pic_1_hidden=/upload/7b466639-ecb1-4ecd-9639-bda65e7b7bf1.jpg, url_3=https://m.sinosafe.com.cn/micro-plat/app/policy-common-comp-page.html?productId=0606_nngd&isMulti=1&extenterpCode=0105100748&issueChannel=4, pic_2_hidden=/upload/d665686c-46b0-42b8-8ecb-5c39f4d61c63.jpg, url_1=https://m.sinosafe.com.cn/micro-plat/app/policy-common-comp-page.html?productId=0606_nngd&isMulti=1&extenterpCode=0105100748&issueChannel=4, productName=学生险, productCode=0606, price=100.00, productTag=, loginIp=113.16.60.54, orderIndex=20, company=1, id=8, isHot=true, status=1}', '113.16.60.54', '修改保险产品', null, '2018-04-11 10:51:59');
INSERT INTO `i_log` VALUES ('3215', '匿名操作', '0', '/bxsc/bx/pd/add', 'com.xe.demo.controller.BXProductsController.add()', '{brief=100万高额保障，超10种交通工具, product=2, url_4=https://m.sinosafe.com.cn/micro-plat/app/policy-common-comp-page.html?productId=060A_0804&isMulti=1&extenterpCode=0105100748&issueChannel=4, saleTotal=0, url_2=https://m.sinosafe.com.cn/micro-plat/app/policy-common-comp-page.html?productId=060A_0804&isMulti=1&extenterpCode=0105100748&issueChannel=4, pic_1_hidden=/upload/087d08f4-852c-4931-b2da-7aa8ba6eebf3.jpg, url_3=https://m.sinosafe.com.cn/micro-plat/app/policy-common-comp-page.html?productId=060A_0804&isMulti=1&extenterpCode=0105100748&issueChannel=4, pic_2_hidden=/upload/1c4b17ad-9268-419a-aa52-43f6cc22c2f1.jpg, url_1=https://m.sinosafe.com.cn/micro-plat/app/policy-common-comp-page.html?productId=060A_0804&isMulti=1&extenterpCode=0105100748&issueChannel=4, productName=一路平安交通意外伤害保险, productCode=060A, price=11, productTag=, loginIp=113.16.60.54, orderIndex=40, company=1, status=1}', '113.16.60.54', '添加保险产品', null, '2018-04-11 10:54:22');
INSERT INTO `i_log` VALUES ('3216', '匿名操作', '0', '/bxsc/bx/pd/add', 'com.xe.demo.controller.BXProductsController.add()', '{brief=, product=2, url_4=https://m.sinosafe.com.cn/micro-plat/app/policy-common-comp-page.html?productId=060I&productPlanId=4271e6a5-7f0b-458d-9cec-c302d8d52a35&extenterpCode=0105100748&issueChannel=4, saleTotal=1, url_2=https://m.sinosafe.com.cn/micro-plat/app/policy-common-comp-page.html?productId=060I&productPlanId=4271e6a5-7f0b-458d-9cec-c302d8d52a35&extenterpCode=0105100748&issueChannel=4, pic_1_hidden=/upload/09f1e928-3a8b-49da-9331-213311a9bc9a.jpg, url_3=https://m.sinosafe.com.cn/micro-plat/app/policy-common-comp-page.html?productId=060I&productPlanId=4271e6a5-7f0b-458d-9cec-c302d8d52a35&extenterpCode=0105100748&issueChannel=4, pic_2_hidden=/upload/c3e079b4-5007-477a-aeba-415f41483aa2.jpg, url_1=https://m.sinosafe.com.cn/micro-plat/app/policy-common-comp-page.html?productId=060I&productPlanId=4271e6a5-7f0b-458d-9cec-c302d8d52a35&extenterpCode=0105100748&issueChannel=4, productName=广西家车宝驾乘人员意外险, productCode=060I, price=2000, productTag=, loginIp=113.16.60.54, orderIndex=, company=1, status=0}', '113.16.60.54', '添加保险产品', null, '2018-04-11 10:55:35');
INSERT INTO `i_log` VALUES ('3217', '匿名操作', '0', '/bxsc/bx/pd/add', 'com.xe.demo.controller.BXProductsController.add()', '{brief=, product=2, url_4=https://m.sinosafe.com.cn/micro-plat/app/policy-common-comp-page.html?productId=060I&productPlanId=4271e6a5-7f0b-458d-9cec-c302d8d52a35&extenterpCode=0105100748&issueChannel=4, saleTotal=1, url_2=https://m.sinosafe.com.cn/micro-plat/app/policy-common-comp-page.html?productId=060I&productPlanId=4271e6a5-7f0b-458d-9cec-c302d8d52a35&extenterpCode=0105100748&issueChannel=4, pic_1_hidden=/upload/09f1e928-3a8b-49da-9331-213311a9bc9a.jpg, url_3=https://m.sinosafe.com.cn/micro-plat/app/policy-common-comp-page.html?productId=060I&productPlanId=4271e6a5-7f0b-458d-9cec-c302d8d52a35&extenterpCode=0105100748&issueChannel=4, pic_2_hidden=/upload/c3e079b4-5007-477a-aeba-415f41483aa2.jpg, url_1=https://m.sinosafe.com.cn/micro-plat/app/policy-common-comp-page.html?productId=060I&productPlanId=4271e6a5-7f0b-458d-9cec-c302d8d52a35&extenterpCode=0105100748&issueChannel=4, productName=广西家车宝驾乘人员意外险, productCode=060I, price=2000, productTag=, loginIp=113.16.60.54, orderIndex=, company=1, status=0}', '113.16.60.54', '添加保险产品', null, '2018-04-11 10:55:35');
INSERT INTO `i_log` VALUES ('3218', '匿名操作', '0', '/bxsc/bx/pd/add', 'com.xe.demo.controller.BXProductsController.add()', '{brief=, product=2, url_4=https://m.sinosafe.com.cn/micro-plat/app/policy-common-comp-page.html?productId=060I&productPlanId=4271e6a5-7f0b-458d-9cec-c302d8d52a35&extenterpCode=0105100748&issueChannel=4, saleTotal=1, url_2=https://m.sinosafe.com.cn/micro-plat/app/policy-common-comp-page.html?productId=060I&productPlanId=4271e6a5-7f0b-458d-9cec-c302d8d52a35&extenterpCode=0105100748&issueChannel=4, pic_1_hidden=/upload/09f1e928-3a8b-49da-9331-213311a9bc9a.jpg, url_3=https://m.sinosafe.com.cn/micro-plat/app/policy-common-comp-page.html?productId=060I&productPlanId=4271e6a5-7f0b-458d-9cec-c302d8d52a35&extenterpCode=0105100748&issueChannel=4, pic_2_hidden=/upload/c3e079b4-5007-477a-aeba-415f41483aa2.jpg, url_1=https://m.sinosafe.com.cn/micro-plat/app/policy-common-comp-page.html?productId=060I&productPlanId=4271e6a5-7f0b-458d-9cec-c302d8d52a35&extenterpCode=0105100748&issueChannel=4, productName=广西家车宝驾乘人员意外险, productCode=060I, price=2000, productTag=, loginIp=113.16.60.54, orderIndex=50, company=1, status=0}', '113.16.60.54', '添加保险产品', null, '2018-04-11 10:55:39');
INSERT INTO `i_log` VALUES ('3219', '匿名操作', '0', '/bxsc/bx/pd/add', 'com.xe.demo.controller.BXProductsController.add()', '{brief=, product=2, url_4=https://m.sinosafe.com.cn/micro-plat/app/policy-common-comp-page.html?productId=060J_mmrh&isMulti=1&extenterpCode=0105100748&issueChannel=4, saleTotal=0, url_2=https://m.sinosafe.com.cn/micro-plat/app/policy-common-comp-page.html?productId=060J_mmrh&isMulti=1&extenterpCode=0105100748&issueChannel=4, pic_1_hidden=/upload/8f20a9f6-1554-440a-b49e-0d6e6fddc06d.jpg, url_3=https://m.sinosafe.com.cn/micro-plat/app/policy-common-comp-page.html?productId=060J_mmrh&isMulti=1&extenterpCode=0105100748&issueChannel=4, pic_2_hidden=/upload/bab92012-6b4d-4804-9909-9400b7f48b44.jpg, url_1=https://m.sinosafe.com.cn/micro-plat/app/policy-common-comp-page.html?productId=060J_mmrh&isMulti=1&extenterpCode=0105100748&issueChannel=4, productName=貌美如花综合意外险, productCode=060J, price=97, productTag=, loginIp=113.16.60.54, orderIndex=60, company=1, status=1}', '113.16.60.54', '添加保险产品', null, '2018-04-11 10:56:35');
INSERT INTO `i_log` VALUES ('3220', '匿名操作', '0', '/bxsc/bx/pd/add', 'com.xe.demo.controller.BXProductsController.add()', '{brief=吃货肠胃保障，全年最低只需15元, product=3, url_4=https://m.sinosafe.com.cn/micro-plat/app/policy-common-comp-page.html?productId=1227_chwy&isMulti=1&extenterpCode=0105100748&issueChannel=4, saleTotal=0, url_2=https://m.sinosafe.com.cn/micro-plat/app/policy-common-comp-page.html?productId=1227_chwy&isMulti=1&extenterpCode=0105100748&issueChannel=4, pic_1_hidden=/upload/043bf414-0160-4558-a341-40d5094bb944.jpg, url_3=https://m.sinosafe.com.cn/micro-plat/app/policy-common-comp-page.html?productId=1227_chwy&isMulti=1&extenterpCode=0105100748&issueChannel=4, pic_2_hidden=/upload/dc3cc72a-f9a2-495d-aa4f-d9801bac3133.jpg, url_1=https://m.sinosafe.com.cn/micro-plat/app/policy-common-comp-page.html?productId=1227_chwy&isMulti=1&extenterpCode=0105100748&issueChannel=4, productName=吃货无忧保障计划, productCode=1227, price=15, productTag=, loginIp=113.16.60.54, orderIndex=70, company=1, status=1}', '113.16.60.54', '添加保险产品', null, '2018-04-11 10:59:07');
INSERT INTO `i_log` VALUES ('3221', '匿名操作', '0', '/bxsc/bx/pd/add', 'com.xe.demo.controller.BXProductsController.add()', '{brief=学车难免有磕碰，35元尽享安心保障, product=2, url_4=https://m.sinosafe.com.cn/micro-plat/app/policy-common-comp-page.html?productId=0695_micro&isMulti=1&extenterpCode=0105100748&issueChannel=4, saleTotal=0, url_2=https://m.sinosafe.com.cn/micro-plat/app/policy-common-comp-page.html?productId=0695_micro&isMulti=1&extenterpCode=0105100748&issueChannel=4, pic_1_hidden=/upload/54b857ac-a13c-43a5-b309-dd6254001527.jpg, url_3=https://m.sinosafe.com.cn/micro-plat/app/policy-common-comp-page.html?productId=0695_micro&isMulti=1&extenterpCode=0105100748&issueChannel=4, pic_2_hidden=/upload/232afd4a-d2ca-4620-80e4-8228e61f88d2.jpg, url_1=https://m.sinosafe.com.cn/micro-plat/app/policy-common-comp-page.html?productId=0695_micro&isMulti=1&extenterpCode=0105100748&issueChannel=4, productName=驾校学员意外险, productCode=0695, price=35, productTag=, loginIp=113.16.60.54, orderIndex=90, company=1, status=1}', '113.16.60.54', '添加保险产品', null, '2018-04-11 11:00:50');
INSERT INTO `i_log` VALUES ('3222', '匿名操作', '0', '/bxsc/bx/pd/add', 'com.xe.demo.controller.BXProductsController.add()', '{brief=餐饮经营者的救兵，老板事业的护身符, product=3, url_4=https://m.sinosafe.com.cn/micro-plat/app/policy-common-comp-page.html?productId=1006_micro&isMulti=1&extenterpCode=0105100748&issueChannel=4, saleTotal=0, url_2=https://m.sinosafe.com.cn/micro-plat/app/policy-common-comp-page.html?productId=1006_micro&isMulti=1&extenterpCode=0105100748&issueChannel=4, pic_1_hidden=/upload/5432c1f0-0c69-466b-b13c-5ee704936326.jpg, url_3=https://m.sinosafe.com.cn/micro-plat/app/policy-common-comp-page.html?productId=1006_micro&isMulti=1&extenterpCode=0105100748&issueChannel=4, pic_2_hidden=/upload/e748034c-01e1-44d0-8317-4df6a5cd764c.jpg, url_1=https://m.sinosafe.com.cn/micro-plat/app/policy-common-comp-page.html?productId=1006_micro&isMulti=1&extenterpCode=0105100748&issueChannel=4, productName=食客安心餐饮业综合保险, productCode=1006, price=0, productTag=, loginIp=113.16.60.54, orderIndex=100, company=1, status=0}', '113.16.60.54', '添加保险产品', null, '2018-04-11 11:02:29');
INSERT INTO `i_log` VALUES ('3223', '匿名操作', '0', '/bxsc/bx/pd/add', 'com.xe.demo.controller.BXProductsController.add()', '{brief=拥有熊孩子调皮捣蛋险，从此不再担心熊孩子闯祸, product=2, url_4=https://m.sinosafe.com.cn/micro-plat/app/policy-common-comp-page.html?productId=0448_jhr&isMulti=1&extenterpCode=0105100748&issueChannel=4, saleTotal=0, url_2=https://m.sinosafe.com.cn/micro-plat/app/policy-common-comp-page.html?productId=0448_jhr&isMulti=1&extenterpCode=0105100748&issueChannel=4, pic_1_hidden=/upload/2a639ceb-c9f6-416a-bfbc-b9179517c798.jpg, url_3=https://m.sinosafe.com.cn/micro-plat/app/policy-common-comp-page.html?productId=0448_jhr&isMulti=1&extenterpCode=0105100748&issueChannel=4, pic_2_hidden=/upload/fda57f90-53d1-43c7-b1ba-2c50bf815a3e.jpg, url_1=https://m.sinosafe.com.cn/micro-plat/app/policy-common-comp-page.html?productId=0448_jhr&isMulti=1&extenterpCode=0105100748&issueChannel=4, productName=监护人责任险, productCode=0448, price=48, productTag=, loginIp=113.16.60.54, orderIndex=120, company=1, status=1}', '113.16.60.54', '添加保险产品', null, '2018-04-11 11:04:09');
INSERT INTO `i_log` VALUES ('3224', '匿名操作', '0', '/bxsc/bx/pd/add', 'com.xe.demo.controller.BXProductsController.add()', '{brief=保障您的正义行为, product=2, url_4=https://m.sinosafe.com.cn/micro-plat/app/policy-common-comp-page.html?productId=0458_flr&isMulti=1&extenterpCode=0105100748&issueChannel=4, saleTotal=0, url_2=https://m.sinosafe.com.cn/micro-plat/app/policy-common-comp-page.html?productId=0458_flr&isMulti=1&extenterpCode=0105100748&issueChannel=4, pic_1_hidden=/upload/b4131055-ba89-4301-80ce-ca10346f0867.jpg, url_3=https://m.sinosafe.com.cn/micro-plat/app/policy-common-comp-page.html?productId=0458_flr&isMulti=1&extenterpCode=0105100748&issueChannel=4, pic_2_hidden=/upload/2d10efed-c4d1-4335-9468-724f725d4bea.jpg, url_1=https://m.sinosafe.com.cn/micro-plat/app/policy-common-comp-page.html?productId=0458_flr&isMulti=1&extenterpCode=0105100748&issueChannel=4, productName=扶老人险, productCode=0458, price=3, productTag=, loginIp=113.16.60.54, orderIndex=130, company=1, status=1}', '113.16.60.54', '添加保险产品', null, '2018-04-11 11:05:20');
INSERT INTO `i_log` VALUES ('3225', '匿名操作', '0', '/bxsc/bx/pd/add', 'com.xe.demo.controller.BXProductsController.add()', '{brief=黑手无处不在，13元尽享“资金”保险箱, product=3, url_4=https://m.sinosafe.com.cn/micro-plat/app/policy-common-comp-page.html?productId=0840_micro&isMulti=1&extenterpCode=0105100748&issueChannel=4, saleTotal=0, url_2=https://m.sinosafe.com.cn/micro-plat/app/policy-common-comp-page.html?productId=0840_micro&isMulti=1&extenterpCode=0105100748&issueChannel=4, pic_1_hidden=/upload/723f7e64-5304-4df5-b7b3-53cfdf770f4f.jpg, url_3=https://m.sinosafe.com.cn/micro-plat/app/policy-common-comp-page.html?productId=0840_micro&isMulti=1&extenterpCode=0105100748&issueChannel=4, pic_2_hidden=/upload/a0fa7e40-6941-4928-ab8e-f50e8dc5a0bd.jpg, url_1=https://m.sinosafe.com.cn/micro-plat/app/policy-common-comp-page.html?productId=0840_micro&isMulti=1&extenterpCode=0105100748&issueChannel=4, productName=个人账户资金损失险, productCode=0840, price=13, productTag=, loginIp=113.16.60.54, orderIndex=150, company=1, status=0}', '113.16.60.54', '添加保险产品', null, '2018-04-11 11:06:41');
INSERT INTO `i_log` VALUES ('3226', '匿名操作', '0', '/bxsc/bx/pd/add', 'com.xe.demo.controller.BXProductsController.add()', '{brief=碰瓷、被碰不用怕，过失碰撞有保障, product=2, url_4=https://m.sinosafe.com.cn/micro-plat/app/policy-common-comp-page.html?productId=0439&isMulti=1&extenterpCode=0105100748&issueChannel=4, saleTotal=0, url_2=https://m.sinosafe.com.cn/micro-plat/app/policy-common-comp-page.html?productId=0439&isMulti=1&extenterpCode=0105100748&issueChannel=4, pic_1_hidden=/upload/dcee3c4d-a4cf-4c45-935a-4b4c3b66c2a0.jpg, url_3=https://m.sinosafe.com.cn/micro-plat/app/policy-common-comp-page.html?productId=0439&isMulti=1&extenterpCode=0105100748&issueChannel=4, pic_2_hidden=/upload/d2a9be50-70ae-492d-bd20-f7ed93817c26.jpg, url_1=https://m.sinosafe.com.cn/micro-plat/app/policy-common-comp-page.html?productId=0439&isMulti=1&extenterpCode=0105100748&issueChannel=4, productName=电动车第三者责任险, productCode=0439, price=30, productTag=, loginIp=113.16.60.54, orderIndex=160, company=1, status=1}', '113.16.60.54', '添加保险产品', null, '2018-04-11 11:08:01');
INSERT INTO `i_log` VALUES ('3227', '匿名操作', '0', '/bxsc/bx/pd/add', 'com.xe.demo.controller.BXProductsController.add()', '{brief=, product=1, url_4=https://m.sinosafe.com.cn/micro-plat/app/policy-common-comp-page.html?productId=0833_micro&isMulti=1&extenterpCode=0105100748&issueChannel=4, saleTotal=0, url_2=https://m.sinosafe.com.cn/micro-plat/app/policy-common-comp-page.html?productId=0833_micro&isMulti=1&extenterpCode=0105100748&issueChannel=4, pic_1_hidden=/upload/919f1712-29ea-4ed1-aef7-b16c351a24b8.jpg, url_3=https://m.sinosafe.com.cn/micro-plat/app/policy-common-comp-page.html?productId=0833_micro&isMulti=1&extenterpCode=0105100748&issueChannel=4, pic_2_hidden=/upload/6127403b-3775-4fa6-b42c-119751de89e0.jpg, url_1=https://m.sinosafe.com.cn/micro-plat/app/policy-common-comp-page.html?productId=0833_micro&isMulti=1&extenterpCode=0105100748&issueChannel=4, productName=广西满堂福家庭财产保险, productCode=0833, price=227.5, productTag=, loginIp=113.16.60.54, orderIndex=180, company=1, status=1}', '113.16.60.54', '添加保险产品', null, '2018-04-11 11:08:57');
INSERT INTO `i_log` VALUES ('3228', '匿名操作', '0', '/bxsc/bx/pd/update', 'com.xe.demo.controller.BXProductsController.update()', '{brief=小小的投入，拖起一个安全的家, product=1, url_4=https://m.sinosafe.com.cn/micro-plat/app/policy-common-comp-page.html?productId=0833_micro&isMulti=1&extenterpCode=0105100748&issueChannel=4, saleTotal=0, url_2=https://m.sinosafe.com.cn/micro-plat/app/policy-common-comp-page.html?productId=0833_micro&isMulti=1&extenterpCode=0105100748&issueChannel=4, pic_1_hidden=/upload/919f1712-29ea-4ed1-aef7-b16c351a24b8.jpg, url_3=https://m.sinosafe.com.cn/micro-plat/app/policy-common-comp-page.html?productId=0833_micro&isMulti=1&extenterpCode=0105100748&issueChannel=4, pic_2_hidden=/upload/6127403b-3775-4fa6-b42c-119751de89e0.jpg, url_1=https://m.sinosafe.com.cn/micro-plat/app/policy-common-comp-page.html?productId=0833_micro&isMulti=1&extenterpCode=0105100748&issueChannel=4, productName=广西满堂福家庭财产保险, productCode=0833, price=227.50, productTag=, loginIp=113.16.60.54, orderIndex=180, company=1, id=19, status=1}', '113.16.60.54', '修改保险产品', null, '2018-04-11 11:09:32');
INSERT INTO `i_log` VALUES ('3229', '匿名操作', '0', '/bxsc/bx/pd/update', 'com.xe.demo.controller.BXProductsController.update()', '{brief=这看脸的世界，就该貌美如花, product=2, url_4=https://m.sinosafe.com.cn/micro-plat/app/policy-common-comp-page.html?productId=060J_mmrh&isMulti=1&extenterpCode=0105100748&issueChannel=4, saleTotal=0, url_2=https://m.sinosafe.com.cn/micro-plat/app/policy-common-comp-page.html?productId=060J_mmrh&isMulti=1&extenterpCode=0105100748&issueChannel=4, pic_1_hidden=/upload/8f20a9f6-1554-440a-b49e-0d6e6fddc06d.jpg, url_3=https://m.sinosafe.com.cn/micro-plat/app/policy-common-comp-page.html?productId=060J_mmrh&isMulti=1&extenterpCode=0105100748&issueChannel=4, pic_2_hidden=/upload/bab92012-6b4d-4804-9909-9400b7f48b44.jpg, url_1=https://m.sinosafe.com.cn/micro-plat/app/policy-common-comp-page.html?productId=060J_mmrh&isMulti=1&extenterpCode=0105100748&issueChannel=4, productName=貌美如花综合意外险, productCode=060J, price=97.00, productTag=, loginIp=113.16.60.54, orderIndex=60, company=1, id=11, status=1}', '113.16.60.54', '修改保险产品', null, '2018-04-11 11:11:45');
INSERT INTO `i_log` VALUES ('3230', '匿名操作', '0', '/bxsc/bx/pd/update', 'com.xe.demo.controller.BXProductsController.update()', '{brief=全面保障宝宝接种疫苗的风险, product=2, url_4=https://m.sinosafe.com.cn/micro-plat/app/policy-common-comp-page.html?productId=0615_ym&isMulti=1&extenterpCode=0105100748&issueChannel=4, saleTotal=0, url_2=https://m.sinosafe.com.cn/micro-plat/app/policy-common-comp-page.html?productId=0615_ym&isMulti=1&extenterpCode=0105100748&issueChannel=4, pic_1_hidden=/upload/d63c3c85-e682-4174-b18c-b54addd51fd9.jpg, url_3=https://m.sinosafe.com.cn/micro-plat/app/policy-common-comp-page.html?productId=0615_ym&isMulti=1&extenterpCode=0105100748&issueChannel=4, pic_2_hidden=/upload/8b80bc1a-e1b0-4251-93a8-7c4bee97c312.jpg, url_1=https://m.sinosafe.com.cn/micro-plat/app/policy-common-comp-page.html?productId=0615_ym&isMulti=1&extenterpCode=0105100748&issueChannel=4, productName=预防接种意外伤害险, productCode=0615, price=25.00, productTag=, loginIp=113.16.60.54, orderIndex=20, company=1, id=7, status=1}', '113.16.60.54', '修改保险产品', null, '2018-04-11 11:12:38');
INSERT INTO `i_log` VALUES ('3231', 'admin', '0', '/bxsc/admin/login', 'com.xe.demo.controller.LoginController.login()', '{password=e10adc3949ba59abbe56e057f20f883e, loginIp=180.141.89.131, username=admin}', '180.141.89.131', '登录', null, '2018-04-11 13:20:30');
INSERT INTO `i_log` VALUES ('3232', 'admin', '0', '/bxsc/admin/oper/queryPage', 'com.xe.demo.controller.OperationController.queryPage()', '{sortName=id, pageNo=1, sortOrder=desc, loginIp=113.16.60.54, pageSize=10}', '113.16.60.54', '查询权限列表', null, '2018-04-11 14:15:14');
INSERT INTO `i_log` VALUES ('3233', 'admin', '0', '/bxsc/admin/user/add', 'com.xe.demo.controller.UserController.add()', '{useable=1, password=15eed4d30e4e0fa9dd36f96237b1024c, address=, roleid=23, mobilephone=, idcard=, loginIp=113.16.60.54, email=, username=myadmin}', '113.16.60.54', '添加用户', null, '2018-04-11 14:15:31');
INSERT INTO `i_log` VALUES ('3234', 'admin', '0', '/bxsc/admin/oper/queryPage', 'com.xe.demo.controller.OperationController.queryPage()', '{sortName=id, pageNo=1, sortOrder=desc, loginIp=113.16.60.54, pageSize=10}', '113.16.60.54', '查询权限列表', null, '2018-04-11 14:15:49');
INSERT INTO `i_log` VALUES ('3235', 'admin', '0', '/bxsc/admin/login', 'com.xe.demo.controller.LoginController.login()', '{password=e10adc3949ba59abbe56e057f20f883e, loginIp=180.141.89.131, username=admin}', '180.141.89.131', '登录', null, '2018-04-11 14:45:06');
INSERT INTO `i_log` VALUES ('3236', '匿名操作', '0', '/bxsc/bx/pd/update', 'com.xe.demo.controller.BXProductsController.update()', '{brief=全面保障宝宝接种疫苗的风险, product=2, url_4=https://m.sinosafe.com.cn/micro-plat/app/policy-common-comp-page.html?productId=0615_ym&isMulti=1&extenterpCode=0105100748&issueChannel=4, saleTotal=0, url_2=https://m.sinosafe.com.cn/micro-plat/app/policy-common-comp-page.html?productId=0615_ym&isMulti=1&extenterpCode=0105100748&issueChannel=4, pic_1_hidden=/upload/d63c3c85-e682-4174-b18c-b54addd51fd9.jpg, url_3=https://m.sinosafe.com.cn/micro-plat/app/policy-common-comp-page.html?productId=0615_ym&isMulti=1&extenterpCode=0105100748&issueChannel=4, pic_2_hidden=/upload/8b80bc1a-e1b0-4251-93a8-7c4bee97c312.jpg, url_1=https://m.sinosafe.com.cn/micro-plat/app/policy-common-comp-page.html?productId=0615_ym&isMulti=1&extenterpCode=0105100748&issueChannel=4, productName=预防接种意外伤害险11, productCode=0615, price=25.00, productTag=, loginIp=113.16.60.54, orderIndex=20, company=1, id=7, status=1}', '113.16.60.54', '修改保险产品', null, '2018-04-11 14:51:15');
INSERT INTO `i_log` VALUES ('3237', '匿名操作', '0', '/bxsc/bx/pd/update', 'com.xe.demo.controller.BXProductsController.update()', '{brief=全面保障宝宝接种疫苗的风险, product=2, url_4=https://m.sinosafe.com.cn/micro-plat/app/policy-common-comp-page.html?productId=0615_ym&isMulti=1&extenterpCode=0105100748&issueChannel=4, saleTotal=0, url_2=https://m.sinosafe.com.cn/micro-plat/app/policy-common-comp-page.html?productId=0615_ym&isMulti=1&extenterpCode=0105100748&issueChannel=4, pic_1_hidden=/upload/d63c3c85-e682-4174-b18c-b54addd51fd9.jpg, url_3=https://m.sinosafe.com.cn/micro-plat/app/policy-common-comp-page.html?productId=0615_ym&isMulti=1&extenterpCode=0105100748&issueChannel=4, pic_2_hidden=/upload/8b80bc1a-e1b0-4251-93a8-7c4bee97c312.jpg, url_1=https://m.sinosafe.com.cn/micro-plat/app/policy-common-comp-page.html?productId=0615_ym&isMulti=1&extenterpCode=0105100748&issueChannel=4, productName=预防接种意外伤害险New, productCode=0615, price=25.00, productTag=, loginIp=113.16.60.54, orderIndex=20, company=1, id=7, status=1}', '113.16.60.54', '修改保险产品', null, '2018-04-11 14:51:45');
INSERT INTO `i_log` VALUES ('3238', '匿名操作', '0', '/bxsc/bx/pd/update', 'com.xe.demo.controller.BXProductsController.update()', '{brief=学车难免有磕碰，35元尽享安心保障, product=2, url_4=https://m.sinosafe.com.cn/micro-plat/app/policy-common-comp-page.html?productId=0695_micro&isMulti=1&extenterpCode=0105100748&issueChannel=4, saleTotal=0, url_2=https://m.sinosafe.com.cn/micro-plat/app/policy-common-comp-page.html?productId=0695_micro&isMulti=1&extenterpCode=0105100748&issueChannel=4, pic_1_hidden=/upload/54b857ac-a13c-43a5-b309-dd6254001527.jpg, url_3=https://m.sinosafe.com.cn/micro-plat/app/policy-common-comp-page.html?productId=0695_micro&isMulti=1&extenterpCode=0105100748&issueChannel=4, pic_2_hidden=/upload/232afd4a-d2ca-4620-80e4-8228e61f88d2.jpg, url_1=https://m.sinosafe.com.cn/micro-plat/app/policy-common-comp-page.html?productId=0695_micro&isMulti=1&extenterpCode=0105100748&issueChannel=4, productName=驾校学员意外险111, productCode=0695, price=35.00, productTag=, loginIp=180.141.89.131, orderIndex=90, company=1, id=13, status=1}', '180.141.89.131', '修改保险产品', null, '2018-04-11 14:53:29');
INSERT INTO `i_log` VALUES ('3239', '匿名操作', '0', '/bxsc/bx/pd/update', 'com.xe.demo.controller.BXProductsController.update()', '{brief=学车难免有磕碰，35元尽享安心保障, product=2, url_4=https://m.sinosafe.com.cn/micro-plat/app/policy-common-comp-page.html?productId=0695_micro&isMulti=1&extenterpCode=0105100748&issueChannel=4, saleTotal=0, url_2=https://m.sinosafe.com.cn/micro-plat/app/policy-common-comp-page.html?productId=0695_micro&isMulti=1&extenterpCode=0105100748&issueChannel=4, pic_1_hidden=/upload/54b857ac-a13c-43a5-b309-dd6254001527.jpg, url_3=https://m.sinosafe.com.cn/micro-plat/app/policy-common-comp-page.html?productId=0695_micro&isMulti=1&extenterpCode=0105100748&issueChannel=4, pic_2_hidden=/upload/232afd4a-d2ca-4620-80e4-8228e61f88d2.jpg, url_1=https://m.sinosafe.com.cn/micro-plat/app/policy-common-comp-page.html?productId=0695_micro&isMulti=1&extenterpCode=0105100748&issueChannel=4, productName=驾校学员意外险AA, productCode=0695, price=35.00, productTag=, loginIp=113.16.60.54, orderIndex=90, company=1, id=13, status=1}', '113.16.60.54', '修改保险产品', null, '2018-04-11 17:22:51');
INSERT INTO `i_log` VALUES ('3240', 'admin', '0', '/bxsc/admin/oper/queryPage', 'com.xe.demo.controller.OperationController.queryPage()', '{sortName=id, pageNo=1, sortOrder=desc, loginIp=113.16.60.54, pageSize=10}', '113.16.60.54', '查询权限列表', null, '2018-04-11 17:23:09');
INSERT INTO `i_log` VALUES ('3241', 'admin', '0', '/bxsc/admin/login', 'com.xe.demo.controller.LoginController.login()', '{password=e10adc3949ba59abbe56e057f20f883e, loginIp=180.141.89.131, username=admin}', '180.141.89.131', '登录', null, '2018-04-11 17:28:09');
INSERT INTO `i_log` VALUES ('3242', '匿名操作', '0', '/bxsc/bx/pd/update', 'com.xe.demo.controller.BXProductsController.update()', '{brief=拥有熊孩子调皮捣蛋险，从此不再担心熊孩子闯祸, product=2, url_4=https://m.sinosafe.com.cn/micro-plat/app/policy-common-comp-page.html?productId=0448_jhr&isMulti=1&extenterpCode=0105100748&issueChannel=4, saleTotal=0, url_2=https://m.sinosafe.com.cn/micro-plat/app/policy-common-comp-page.html?productId=0448_jhr&isMulti=1&extenterpCode=0105100748&issueChannel=4, pic_1_hidden=/upload/2a639ceb-c9f6-416a-bfbc-b9179517c798.jpg, url_3=https://m.sinosafe.com.cn/micro-plat/app/policy-common-comp-page.html?productId=0448_jhr&isMulti=1&extenterpCode=0105100748&issueChannel=4, pic_2_hidden=/upload/fda57f90-53d1-43c7-b1ba-2c50bf815a3e.jpg, url_1=https://m.sinosafe.com.cn/micro-plat/app/policy-common-comp-page.html?productId=0448_jhr&isMulti=1&extenterpCode=0105100748&issueChannel=4, productName=监护人责任险, productCode=0448, price=48.00, productTag=, loginIp=180.141.89.131, orderIndex=120, company=1, id=15, status=1}', '180.141.89.131', '修改保险产品', null, '2018-04-11 17:30:13');
INSERT INTO `i_log` VALUES ('3243', 'admin', '0', '/admin/login', 'com.xe.demo.controller.LoginController.login()', '{password=e10adc3949ba59abbe56e057f20f883e, loginIp=192.168.0.103, username=admin}', '192.168.0.103', '登录', null, '2018-04-11 19:27:51');
INSERT INTO `i_log` VALUES ('3244', 'admin', '0', '/admin/login', 'com.xe.demo.controller.LoginController.login()', '{password=e10adc3949ba59abbe56e057f20f883e, loginIp=192.168.0.103, username=admin}', '192.168.0.103', '登录', null, '2018-04-11 20:02:27');
INSERT INTO `i_log` VALUES ('3245', 'admin', '0', '/bxsc/admin/login', 'com.xe.demo.controller.LoginController.login()', '{password=e10adc3949ba59abbe56e057f20f883e, loginIp=171.37.33.65, username=admin}', '171.37.33.65', '登录', null, '2018-04-11 20:56:47');
INSERT INTO `i_log` VALUES ('3246', 'admin', '0', '/bxsc/admin/login', 'com.xe.demo.controller.LoginController.login()', '{password=e10adc3949ba59abbe56e057f20f883e, loginIp=58.33.148.66, username=admin}', '58.33.148.66', '登录', null, '2018-04-11 21:07:26');
INSERT INTO `i_log` VALUES ('3247', 'admin', '0', '/bxsc/admin/login', 'com.xe.demo.controller.LoginController.login()', '{password=e10adc3949ba59abbe56e057f20f883e, loginIp=171.37.33.65, username=admin}', '171.37.33.65', '登录', null, '2018-04-11 21:59:31');
INSERT INTO `i_log` VALUES ('3248', 'admin', '0', '/bxsc/admin/login', 'com.xe.demo.controller.LoginController.login()', '{password=e10adc3949ba59abbe56e057f20f883e, loginIp=171.37.30.3, username=admin}', '171.37.30.3', '登录', null, '2018-04-11 22:33:23');
INSERT INTO `i_log` VALUES ('3249', 'admin', '0', '/bxsc/admin/login', 'com.xe.demo.controller.LoginController.login()', '{password=e10adc3949ba59abbe56e057f20f883e, loginIp=36.57.33.250, username=admin}', '36.57.33.250', '登录', null, '2018-04-11 22:53:52');
INSERT INTO `i_log` VALUES ('3250', 'admin', '0', '/bxsc/admin/login', 'com.xe.demo.controller.LoginController.login()', '{password=e10adc3949ba59abbe56e057f20f883e, loginIp=171.37.30.3, username=admin}', '171.37.30.3', '登录', null, '2018-04-11 23:27:56');
INSERT INTO `i_log` VALUES ('3251', 'admin', '0', '/bxsc/admin/login', 'com.xe.demo.controller.LoginController.login()', '{password=e10adc3949ba59abbe56e057f20f883e, loginIp=171.37.33.65, username=admin}', '171.37.33.65', '登录', null, '2018-04-12 00:17:27');
INSERT INTO `i_log` VALUES ('3252', 'admin', '0', '/bxsc/admin/login', 'com.xe.demo.controller.LoginController.login()', '{password=e10adc3949ba59abbe56e057f20f883e, loginIp=36.57.33.250, username=admin}', '36.57.33.250', '登录', null, '2018-04-12 01:15:20');
INSERT INTO `i_log` VALUES ('3253', 'admin', '0', '/bxsc/admin/login', 'com.xe.demo.controller.LoginController.login()', '{password=e10adc3949ba59abbe56e057f20f883e, loginIp=117.181.249.145, username=admin}', '117.181.249.145', '登录', null, '2018-04-12 01:22:43');
INSERT INTO `i_log` VALUES ('3254', 'admin', '0', '/bxsc/admin/login', 'com.xe.demo.controller.LoginController.login()', '{password=e10adc3949ba59abbe56e057f20f883e, loginIp=171.37.33.65, username=admin}', '171.37.33.65', '登录', null, '2018-04-12 08:20:39');
INSERT INTO `i_log` VALUES ('3255', '匿名操作', '0', '/bxsc/bx/pd/update', 'com.xe.demo.controller.BXProductsController.update()', '{brief=小小的投入，拖起一个安全的家, product=1, url_4=https://m.sinosafe.com.cn/micro-plat/app/policy-common-comp-page.html?productId=0833_micro&isMulti=1&extenterpCode=0105100748&issueChannel=4, saleTotal=0, url_2=https://m.sinosafe.com.cn/micro-plat/app/policy-common-comp-page.html?productId=0833_micro&isMulti=1&extenterpCode=0105100748&issueChannel=4, pic_1_hidden=/upload/919f1712-29ea-4ed1-aef7-b16c351a24b8.jpg, url_3=https://m.sinosafe.com.cn/micro-plat/app/policy-common-comp-page.html?productId=0833_micro&isMulti=1&extenterpCode=0105100748&issueChannel=4, pic_2_hidden=/upload/6127403b-3775-4fa6-b42c-119751de89e0.jpg, url_1=https://m.sinosafe.com.cn/micro-plat/app/policy-common-comp-page.html?productId=0833_micro&isMulti=1&extenterpCode=0105100748&issueChannel=4, productName=广西满堂福家庭财产保险1, productCode=0833, price=227.50, productTag=, loginIp=171.37.33.65, orderIndex=180, company=1, id=19, status=1}', '171.37.33.65', '修改保险产品', null, '2018-04-12 08:21:42');
INSERT INTO `i_log` VALUES ('3256', '匿名操作', '0', '/bxsc/bx/pd/update', 'com.xe.demo.controller.BXProductsController.update()', '{brief=小小的投入，拖起一个安全的家, product=1, url_4=https://m.sinosafe.com.cn/micro-plat/app/policy-common-comp-page.html?productId=0833_micro&isMulti=1&extenterpCode=0105100748&issueChannel=4, saleTotal=0, url_2=https://m.sinosafe.com.cn/micro-plat/app/policy-common-comp-page.html?productId=0833_micro&isMulti=1&extenterpCode=0105100748&issueChannel=4, pic_1_hidden=/upload/919f1712-29ea-4ed1-aef7-b16c351a24b8.jpg, url_3=https://m.sinosafe.com.cn/micro-plat/app/policy-common-comp-page.html?productId=0833_micro&isMulti=1&extenterpCode=0105100748&issueChannel=4, pic_2_hidden=/upload/6127403b-3775-4fa6-b42c-119751de89e0.jpg, url_1=https://m.sinosafe.com.cn/micro-plat/app/policy-common-comp-page.html?productId=0833_micro&isMulti=1&extenterpCode=0105100748&issueChannel=4, productName=广西满堂福家庭财产保险, productCode=0833, price=227.50, productTag=, loginIp=171.37.33.65, orderIndex=180, company=1, id=19, status=1}', '171.37.33.65', '修改保险产品', null, '2018-04-12 08:21:58');
INSERT INTO `i_log` VALUES ('3257', 'admin', '0', '/bxsc/admin/login', 'com.xe.demo.controller.LoginController.login()', '{password=e10adc3949ba59abbe56e057f20f883e, loginIp=180.139.211.61, username=admin}', '180.139.211.61', '登录', null, '2018-04-12 13:44:27');
INSERT INTO `i_log` VALUES ('3258', 'admin', '0', '/bxsc/admin/login', 'com.xe.demo.controller.LoginController.login()', '{password=e10adc3949ba59abbe56e057f20f883e, loginIp=180.141.89.131, username=admin}', '180.141.89.131', '登录', null, '2018-04-12 13:57:55');
INSERT INTO `i_log` VALUES ('3259', '匿名操作', '0', '/bxsc/bx/pd/update', 'com.xe.demo.controller.BXProductsController.update()', '{brief=这看脸的世界，就该貌美如花, product=2, url_4=https://m.sinosafe.com.cn/micro-plat/app/policy-common-comp-page.html?productId=060J_mmrh&isMulti=1&extenterpCode=0105100748&issueChannel=4, saleTotal=0, url_2=https://m.sinosafe.com.cn/micro-plat/app/policy-common-comp-page.html?productId=060J_mmrh&isMulti=1&extenterpCode=0105100748&issueChannel=4, pic_1_hidden=/upload/8f20a9f6-1554-440a-b49e-0d6e6fddc06d.jpg, url_3=https://m.sinosafe.com.cn/micro-plat/app/policy-common-comp-page.html?productId=060J_mmrh&isMulti=1&extenterpCode=0105100748&issueChannel=4, pic_2_hidden=/upload/bab92012-6b4d-4804-9909-9400b7f48b44.jpg, url_1=https://m.sinosafe.com.cn/micro-plat/app/policy-common-comp-page.html?productId=060J_mmrh&isMulti=1&extenterpCode=0105100748&issueChannel=4, productName=貌美如花综合意外险, productCode=060J, price=97.00, productTag=, loginIp=180.139.211.61, orderIndex=60, company=1, id=11, status=1}', '180.139.211.61', '修改保险产品', null, '2018-04-12 14:01:15');
INSERT INTO `i_log` VALUES ('3260', 'admin', '0', '/bxsc/admin/login', 'com.xe.demo.controller.LoginController.login()', '{password=e10adc3949ba59abbe56e057f20f883e, loginIp=180.139.211.61, username=admin}', '180.139.211.61', '登录', null, '2018-04-12 14:06:34');
INSERT INTO `i_log` VALUES ('3261', '匿名操作', '0', '/bxsc/bx/pd/update', 'com.xe.demo.controller.BXProductsController.update()', '{brief=带上她，来一场说走就走的旅行, product=2, url_4=https://m.sinosafe.com.cn/micro-plat/app/policy-common-comp-page.html?productId=0674_micro&isMulti=1&extenterpCode=0105100748&issueChannel=4, saleTotal=2, url_2=https://m.sinosafe.com.cn/micro-plat/app/policy-common-comp-page.html?productId=0674_micro&isMulti=1&extenterpCode=0105100748&issueChannel=4, pic_1_hidden=/upload/8089228a-662f-4f7b-8e52-a70e53854692.jpg, url_3=https://m.sinosafe.com.cn/micro-plat/app/policy-common-comp-page.html?productId=0674_micro&isMulti=1&extenterpCode=0105100748&issueChannel=4, pic_2_hidden=/upload/f3381aed-ac14-410f-886d-e98a39908b56.jpg, url_1=https://m.sinosafe.com.cn/micro-plat/app/policy-common-comp-page.html?productId=0674_micro&isMulti=1&extenterpCode=0105100748&issueChannel=4, productName=境内旅游意外险, productCode=0674, price=4.80, productTag=精选, loginIp=180.139.211.61, orderIndex=2, company=1, id=3, isHot=true, status=1}', '180.139.211.61', '修改保险产品', null, '2018-04-12 14:10:47');
INSERT INTO `i_log` VALUES ('3262', '匿名操作', '0', '/bxsc/bx/pd/update', 'com.xe.demo.controller.BXProductsController.update()', '{brief=亚洲旅行保障，境外旅行首选, product=2, url_4=https://m.sinosafe.com.cn/micro-plat/app/policy-common-comp-page.html?productId=0649_jwly&isMulti=1&extenterpCode=0105100748&issueChannel=4, saleTotal=12, url_2=https://m.sinosafe.com.cn/micro-plat/app/policy-common-comp-page.html?productId=0649_jwly&isMulti=1&extenterpCode=0105100748&issueChannel=4, pic_1_hidden=/upload/4e6baef2-cc67-4a56-89c9-37b9df9130d5.jpg, url_3=https://m.sinosafe.com.cn/micro-plat/app/policy-common-comp-page.html?productId=0649_jwly&isMulti=1&extenterpCode=0105100748&issueChannel=4, pic_2_hidden=/upload/633f843e-10c6-425e-9b26-6c72513a7ee0.jpg, url_1=https://m.sinosafe.com.cn/micro-plat/app/policy-common-comp-page.html?productId=0649_jwly&isMulti=1&extenterpCode=0105100748&issueChannel=4, productName=境外旅游险, productCode=0649, price=43.80, productTag=热门, loginIp=180.139.211.61, orderIndex=1, company=1, id=2, isHot=true, status=1}', '180.139.211.61', '修改保险产品', null, '2018-04-12 14:11:21');
INSERT INTO `i_log` VALUES ('3263', '匿名操作', '0', '/bxsc/bx/pd/modifyPublishStatus/14/1', 'com.xe.demo.controller.BXProductsController.modifyPublishStatus()', '{loginIp=180.139.211.61}', '180.139.211.61', '修改保险产品上下架操作', null, '2018-04-12 14:11:32');
INSERT INTO `i_log` VALUES ('3264', '匿名操作', '0', '/bxsc/bx/pd/modifyPublishStatus/17/1', 'com.xe.demo.controller.BXProductsController.modifyPublishStatus()', '{loginIp=180.139.211.61}', '180.139.211.61', '修改保险产品上下架操作', null, '2018-04-12 14:11:38');
INSERT INTO `i_log` VALUES ('3265', '匿名操作', '0', '/bxsc/bx/pd/modifyPublishStatus/10/1', 'com.xe.demo.controller.BXProductsController.modifyPublishStatus()', '{loginIp=180.139.211.61}', '180.139.211.61', '修改保险产品上下架操作', null, '2018-04-12 14:11:45');
INSERT INTO `i_log` VALUES ('3266', '匿名操作', '0', '/bxsc/bx/pd/update', 'com.xe.demo.controller.BXProductsController.update()', '{brief=一单保全家, product=2, url_4=https://m.sinosafe.com.cn/micro-plat/app/policy-common-comp-page.html?productId=060I&productPlanId=4271e6a5-7f0b-458d-9cec-c302d8d52a35&extenterpCode=0105100748&issueChannel=4, saleTotal=1, url_2=https://m.sinosafe.com.cn/micro-plat/app/policy-common-comp-page.html?productId=060I&productPlanId=4271e6a5-7f0b-458d-9cec-c302d8d52a35&extenterpCode=0105100748&issueChannel=4, pic_1_hidden=/upload/09f1e928-3a8b-49da-9331-213311a9bc9a.jpg, url_3=https://m.sinosafe.com.cn/micro-plat/app/policy-common-comp-page.html?productId=060I&productPlanId=4271e6a5-7f0b-458d-9cec-c302d8d52a35&extenterpCode=0105100748&issueChannel=4, pic_2_hidden=/upload/c3e079b4-5007-477a-aeba-415f41483aa2.jpg, url_1=https://m.sinosafe.com.cn/micro-plat/app/policy-common-comp-page.html?productId=060I&productPlanId=4271e6a5-7f0b-458d-9cec-c302d8d52a35&extenterpCode=0105100748&issueChannel=4, productName=广西家车宝驾乘人员意外险, productCode=060I, price=2000.00, productTag=, loginIp=180.139.211.61, orderIndex=50, company=1, id=10, status=1}', '180.139.211.61', '修改保险产品', null, '2018-04-12 14:13:00');
INSERT INTO `i_log` VALUES ('3267', 'admin', '0', '/bxsc/admin/login', 'com.xe.demo.controller.LoginController.login()', '{password=e10adc3949ba59abbe56e057f20f883e, loginIp=180.141.88.109, username=admin}', '180.141.88.109', '登录', null, '2018-04-12 14:16:03');
INSERT INTO `i_log` VALUES ('3268', 'admin', '0', '/bxsc/admin/login', 'com.xe.demo.controller.LoginController.login()', '{password=e10adc3949ba59abbe56e057f20f883e, loginIp=180.139.211.61, username=admin}', '180.139.211.61', '登录', null, '2018-04-12 14:22:08');
INSERT INTO `i_log` VALUES ('3269', 'admin', '0', '/bxsc/admin/login', 'com.xe.demo.controller.LoginController.login()', '{password=e10adc3949ba59abbe56e057f20f883e, loginIp=121.31.251.102, username=admin}', '121.31.251.102', '登录', null, '2018-04-12 14:30:02');
INSERT INTO `i_log` VALUES ('3270', 'admin', '0', '/bxsc/admin/login', 'com.xe.demo.controller.LoginController.login()', '{password=e10adc3949ba59abbe56e057f20f883e, loginIp=180.141.88.109, username=admin}', '180.141.88.109', '登录', null, '2018-04-12 15:04:42');
INSERT INTO `i_log` VALUES ('3271', 'admin', '0', '/bxsc/admin/oper/queryPage', 'com.xe.demo.controller.OperationController.queryPage()', '{sortName=id, pageNo=1, sortOrder=desc, loginIp=180.141.88.109, pageSize=10}', '180.141.88.109', '查询权限列表', null, '2018-04-12 15:06:21');
INSERT INTO `i_log` VALUES ('3272', 'admin', '0', '/bxsc/admin/login', 'com.xe.demo.controller.LoginController.login()', '{password=e10adc3949ba59abbe56e057f20f883e, loginIp=180.141.88.109, username=admin}', '180.141.88.109', '登录', null, '2018-04-12 15:09:36');
INSERT INTO `i_log` VALUES ('3273', 'admin', '0', '/bxsc/admin/login', 'com.xe.demo.controller.LoginController.login()', '{password=e10adc3949ba59abbe56e057f20f883e, loginIp=180.141.88.109, username=admin}', '180.141.88.109', '登录', null, '2018-04-12 17:54:07');
INSERT INTO `i_log` VALUES ('3274', 'admin', '0', '/bxsc/admin/oper/queryPage', 'com.xe.demo.controller.OperationController.queryPage()', '{sortName=id, pageNo=1, sortOrder=desc, loginIp=180.141.88.109, pageSize=10}', '180.141.88.109', '查询权限列表', null, '2018-04-12 17:54:26');
INSERT INTO `i_log` VALUES ('3275', 'Admin', '0', '/bxsc/admin/login', 'com.xe.demo.controller.LoginController.login()', '{password=e10adc3949ba59abbe56e057f20f883e, loginIp=180.141.88.109, username=Admin}', '180.141.88.109', '登录', null, '2018-04-12 18:12:49');
INSERT INTO `i_log` VALUES ('3276', 'admin', '0', '/bxsc/admin/login', 'com.xe.demo.controller.LoginController.login()', '{password=e10adc3949ba59abbe56e057f20f883e, loginIp=36.57.33.250, username=admin}', '36.57.33.250', '登录', null, '2018-04-12 18:53:37');

-- ----------------------------
-- Procedure structure for addOrUpdateOper
-- ----------------------------
DROP PROCEDURE IF EXISTS `addOrUpdateOper`;
DELIMITER ;;
CREATE DEFINER=`root`@`localhost` PROCEDURE `addOrUpdateOper`(IN `opcode` varchar(20),IN `ophref` varchar(50),IN `opname` varchar(50),IN `opseq` int)
BEGIN
	declare opid int default 0;
	select op.opid intoopid from auth_operation AS op where op.opcode = opcode and op.ophref = ophref;
	if opid > 0 then
		update auth_operation set opname = opname, opseq = opseq 
		where opcode = opcode and ophref = ophref;
		delete from auth_operation where opid = opid;
	else
		insert into auth_operation(opcode, opname, ophref, opseq) 
		values(opcode, opname, ophref, opseq);
	end if;
END
;;
DELIMITER ;

-- ----------------------------
-- Procedure structure for bind_opers
-- ----------------------------
DROP PROCEDURE IF EXISTS `bind_opers`;
DELIMITER ;;
CREATE DEFINER=`root`@`localhost` PROCEDURE `bind_opers`(IN `roleid` integer)
BEGIN
	/*用于判断是否结束循环*/
	declare done int default 0;
	declare opid int;
	declare count int default 0;
	/*定义游标*/
	declare c_opid cursor for select op.opid from auth_operation op;
	/*定义 设置循环结束标识done值怎么改变 的逻辑*/
	declare continue handler for not FOUND set done = 1;
	/*打开游标*/
	open c_opid;
		repeat
			fetch c_opid into opid;
			if not done then 
				select count(op.opid) into count from auth_role_operation op where op.roleid = roleid and op.opid = opid;

				if count <= 0 then
					insert into auth_role_operation(roleid, opid) values(roleid, opid);
				end if;
			end if;
		until done end repeat;
	close c_opid;  /*关闭游标*/
END
;;
DELIMITER ;
